大区,省,市,DC,Saleable ITEM,大类,中类,小类,销售类型,日期,历史SR,SR预测,Category&Marketing调整,Demand Planner调整,Concensus Forecast
华东,浙江,杭州,宁波DC,劲脆鸡腿堡,KFC,主食,套餐,Baseline,1-Jul-17,227,,,,
华东,浙江,杭州,宁波DC,劲脆鸡腿堡,KFC,主食,套餐,Baseline,2-Jul-17,225,,,,
华东,浙江,杭州,宁波DC,劲脆鸡腿堡,KFC,主食,套餐,Baseline,3-Jul-17,236,,,,
华东,浙江,杭州,宁波DC,劲脆鸡腿堡,KFC,主食,套餐,Baseline,4-Jul-17,155,,,,
华东,浙江,杭州,宁波DC,劲脆鸡腿堡,KFC,主食,套餐,Baseline,5-Jul-17,170,,,,
华东,浙江,杭州,宁波DC,劲脆鸡腿堡,KFC,主食,套餐,Baseline,6-Jul-17,232,,,,
华东,浙江,杭州,宁波DC,劲脆鸡腿堡,KFC,主食,套餐,Baseline,7-Jul-17,239,,,,
华东,浙江,杭州,宁波DC,劲脆鸡腿堡,KFC,主食,套餐,Baseline,8-Jul-17,177,,,,
华东,浙江,杭州,宁波DC,劲脆鸡腿堡,KFC,主食,套餐,Baseline,9-Jul-17,242,,,,
华东,浙江,杭州,宁波DC,劲脆鸡腿堡,KFC,主食,套餐,Baseline,10-Jul-17,,224,200,215,215
华东,浙江,杭州,宁波DC,劲脆鸡腿堡,KFC,主食,套餐,Baseline,11-Jul-17,,164,152,160,160
华东,浙江,杭州,宁波DC,劲脆鸡腿堡,KFC,主食,套餐,Baseline,12-Jul-17,,182,175,184,184
华东,浙江,杭州,宁波DC,劲脆鸡腿堡,KFC,主食,套餐,Baseline,13-Jul-17,,149,130,139,139
华东,浙江,杭州,宁波DC,劲脆鸡腿堡,KFC,主食,套餐,Baseline,14-Jul-17,,169,156,162,162
华东,浙江,杭州,宁波DC,劲脆鸡腿堡,KFC,主食,套餐,Baseline,15-Jul-17,,203,184,191,191
华东,浙江,杭州,宁波DC,劲脆鸡腿堡,KFC,主食,套餐,Baseline,16-Jul-17,,196,191,199,199
华东,浙江,杭州,宁波DC,劲脆鸡腿堡,KFC,主食,套餐,Baseline,17-Jul-17,,140,134,143,143
华东,浙江,杭州,宁波DC,劲脆鸡腿堡,KFC,主食,套餐,Baseline,18-Jul-17,,186,166,176,176
华东,浙江,杭州,宁波DC,劲脆鸡腿堡,KFC,主食,套餐,Baseline,19-Jul-17,,213,208,214,214
华东,浙江,杭州,宁波DC,劲脆鸡腿堡,KFC,主食,套餐,Baseline,20-Jul-17,,141,123,129,129
华东,浙江,杭州,宁波DC,劲脆鸡腿堡,KFC,主食,套餐,Baseline,21-Jul-17,,173,160,169,169
华东,浙江,杭州,宁波DC,劲脆鸡腿堡,KFC,主食,套餐,Baseline,22-Jul-17,,221,214,221,221
华东,浙江,杭州,宁波DC,劲脆鸡腿堡,KFC,主食,套餐,Baseline,23-Jul-17,,203,183,192,192
华东,浙江,杭州,宁波DC,劲脆鸡腿堡,KFC,主食,套餐,Baseline,24-Jul-17,,152,144,149,149
华东,浙江,杭州,宁波DC,劲脆鸡腿堡,KFC,主食,套餐,Baseline,25-Jul-17,,181,171,180,180
华东,浙江,杭州,宁波DC,劲脆鸡腿堡,KFC,主食,套餐,Baseline,26-Jul-17,,204,199,204,204
华东,浙江,杭州,宁波DC,劲脆鸡腿堡,KFC,主食,套餐,Baseline,27-Jul-17,,203,187,192,192
华东,浙江,杭州,宁波DC,劲脆鸡腿堡,KFC,主食,套餐,Baseline,28-Jul-17,,154,148,156,156
华东,浙江,杭州,宁波DC,劲脆鸡腿堡,KFC,主食,套餐,Baseline,29-Jul-17,,221,201,210,210
华东,浙江,杭州,宁波DC,劲脆鸡腿堡,KFC,主食,套餐,Baseline,30-Jul-17,,174,154,163,163
华东,浙江,杭州,宁波DC,劲脆鸡腿堡,KFC,主食,套餐,Baseline,31-Jul-17,,214,195,203,203
华东,浙江,杭州,宁波DC,劲脆鸡腿堡,KFC,主食,套餐,Baseline,1-Aug-17,,208,195,200,200
华东,浙江,杭州,宁波DC,劲脆鸡腿堡,KFC,主食,套餐,Baseline,2-Aug-17,,184,166,171,171
华东,浙江,杭州,宁波DC,劲脆鸡腿堡,KFC,主食,套餐,Baseline,3-Aug-17,,194,179,189,189
华东,浙江,杭州,宁波DC,劲脆鸡腿堡,KFC,主食,套餐,Baseline,4-Aug-17,,222,204,214,214
华东,浙江,杭州,宁波DC,劲脆鸡腿堡,KFC,主食,套餐,Baseline,5-Aug-17,,220,213,219,219
华东,浙江,杭州,宁波DC,劲脆鸡腿堡,KFC,主食,套餐,Baseline,6-Aug-17,,209,201,208,208
华东,浙江,杭州,宁波DC,劲脆鸡腿堡,KFC,主食,套餐,Baseline,7-Aug-17,,176,158,167,167
华东,浙江,杭州,宁波DC,劲脆鸡腿堡,KFC,主食,套餐,Baseline,8-Aug-17,,191,173,183,183
华东,浙江,杭州,宁波DC,劲脆鸡腿堡,KFC,主食,套餐,Baseline,9-Aug-17,,212,194,204,204
华东,浙江,杭州,宁波DC,劲脆鸡腿堡,KFC,主食,套餐,Baseline,10-Aug-17,,211,192,197,197
华东,浙江,杭州,宁波DC,劲脆鸡腿堡,KFC,主食,套餐,Baseline,11-Aug-17,,194,189,199,199
华东,浙江,杭州,宁波DC,劲脆鸡腿堡,KFC,主食,套餐,Baseline,12-Aug-17,,203,186,193,193
华东,浙江,杭州,宁波DC,劲脆鸡腿堡,KFC,主食,套餐,Baseline,13-Aug-17,,157,138,145,145
华东,浙江,杭州,宁波DC,劲脆鸡腿堡,KFC,主食,套餐,Baseline,14-Aug-17,,190,184,194,194
华东,浙江,杭州,宁波DC,劲脆鸡腿堡,KFC,主食,套餐,Baseline,15-Aug-17,,217,209,215,215
华东,浙江,杭州,宁波DC,劲脆鸡腿堡,KFC,主食,套餐,Baseline,16-Aug-17,,144,139,144,144
华东,浙江,杭州,宁波DC,劲脆鸡腿堡,KFC,主食,套餐,Baseline,17-Aug-17,,150,130,138,138
华东,浙江,杭州,宁波DC,劲脆鸡腿堡,KFC,主食,套餐,Baseline,18-Aug-17,,203,194,201,201
华东,浙江,杭州,宁波DC,劲脆鸡腿堡,KFC,主食,套餐,Baseline,19-Aug-17,,135,120,130,130
华东,浙江,杭州,宁波DC,劲脆鸡腿堡,KFC,主食,套餐,Baseline,20-Aug-17,,148,140,150,150
华东,浙江,杭州,宁波DC,劲脆鸡腿堡,KFC,主食,套餐,Baseline,21-Aug-17,,225,219,225,225
华东,浙江,杭州,宁波DC,劲脆鸡腿堡,KFC,主食,套餐,Baseline,22-Aug-17,,158,150,159,159
华东,浙江,杭州,宁波DC,劲脆鸡腿堡,KFC,主食,套餐,Baseline,23-Aug-17,,193,180,186,186
华东,浙江,杭州,宁波DC,劲脆鸡腿堡,KFC,主食,套餐,Baseline,24-Aug-17,,174,160,166,166
华东,浙江,杭州,宁波DC,劲脆鸡腿堡,KFC,主食,套餐,Baseline,25-Aug-17,,153,143,152,152
华东,浙江,杭州,宁波DC,劲脆鸡腿堡,KFC,主食,套餐,Baseline,26-Aug-17,,193,173,178,178
华东,浙江,杭州,宁波DC,劲脆鸡腿堡,KFC,主食,套餐,Baseline,27-Aug-17,,190,180,189,189
华东,浙江,杭州,宁波DC,劲脆鸡腿堡,KFC,主食,套餐,Baseline,28-Aug-17,,171,160,169,169
华东,浙江,杭州,宁波DC,劲脆鸡腿堡,KFC,主食,套餐,Baseline,29-Aug-17,,149,136,141,141
华东,浙江,杭州,宁波DC,劲脆鸡腿堡,KFC,主食,套餐,Baseline,30-Aug-17,,172,163,171,171
华东,浙江,杭州,宁波DC,劲脆鸡腿堡,KFC,主食,套餐,Baseline,31-Aug-17,,200,185,194,194
华东,浙江,杭州,宁波DC,劲脆鸡腿堡,KFC,主食,套餐,Baseline,1-Sep-17,,142,135,141,141
华东,浙江,杭州,宁波DC,劲脆鸡腿堡,KFC,主食,套餐,Baseline,2-Sep-17,,178,172,177,177
华东,浙江,杭州,宁波DC,劲脆鸡腿堡,KFC,主食,套餐,Baseline,3-Sep-17,,153,145,153,153
华东,浙江,杭州,宁波DC,劲脆鸡腿堡,KFC,主食,套餐,Baseline,4-Sep-17,,184,179,184,184
华东,浙江,杭州,宁波DC,劲脆鸡腿堡,KFC,主食,套餐,Baseline,5-Sep-17,,219,207,214,214
华东,浙江,杭州,宁波DC,劲脆鸡腿堡,KFC,主食,套餐,Baseline,6-Sep-17,,169,159,165,165
华东,浙江,杭州,宁波DC,劲脆鸡腿堡,KFC,主食,套餐,Baseline,7-Sep-17,,136,121,127,127
华东,浙江,杭州,宁波DC,劲脆鸡腿堡,KFC,主食,套餐,Baseline,8-Sep-17,,185,171,178,178
华东,浙江,杭州,宁波DC,劲脆鸡腿堡,KFC,主食,套餐,Baseline,9-Sep-17,,172,159,166,166
华东,浙江,杭州,宁波DC,劲脆鸡腿堡,KFC,主食,套餐,Baseline,10-Sep-17,,175,155,163,163
华东,浙江,杭州,宁波DC,劲脆鸡腿堡,KFC,主食,套餐,Baseline,11-Sep-17,,193,182,188,188
华东,浙江,杭州,宁波DC,劲脆鸡腿堡,KFC,主食,套餐,Baseline,12-Sep-17,,203,196,205,205
华东,浙江,杭州,宁波DC,劲脆鸡腿堡,KFC,主食,套餐,Baseline,13-Sep-17,,213,201,210,210
华东,浙江,杭州,宁波DC,劲脆鸡腿堡,KFC,主食,套餐,Baseline,14-Sep-17,,147,137,146,146
华东,浙江,杭州,宁波DC,劲脆鸡腿堡,KFC,主食,套餐,Baseline,15-Sep-17,,198,182,189,189
华东,浙江,杭州,宁波DC,劲脆鸡腿堡,KFC,主食,套餐,Baseline,16-Sep-17,,212,192,199,199
华东,浙江,杭州,宁波DC,劲脆鸡腿堡,KFC,主食,套餐,Baseline,17-Sep-17,,159,146,153,153
华东,浙江,杭州,宁波DC,劲脆鸡腿堡,KFC,主食,套餐,Baseline,18-Sep-17,,175,165,172,172
华东,浙江,杭州,宁波DC,劲脆鸡腿堡,KFC,主食,套餐,Baseline,19-Sep-17,,191,181,191,191
华东,浙江,杭州,宁波DC,劲脆鸡腿堡,KFC,主食,套餐,Baseline,20-Sep-17,,156,139,146,146
华东,浙江,杭州,宁波DC,劲脆鸡腿堡,KFC,主食,套餐,Baseline,21-Sep-17,,225,218,223,223
华东,浙江,杭州,宁波DC,劲脆鸡腿堡,KFC,主食,套餐,Baseline,22-Sep-17,,184,165,173,173
华东,浙江,杭州,宁波DC,劲脆鸡腿堡,KFC,主食,套餐,Baseline,23-Sep-17,,170,153,163,163
华东,浙江,杭州,宁波DC,劲脆鸡腿堡,KFC,主食,套餐,Baseline,24-Sep-17,,199,188,196,196
华东,浙江,杭州,宁波DC,劲脆鸡腿堡,KFC,主食,套餐,Baseline,25-Sep-17,,151,135,141,141
华东,浙江,杭州,宁波DC,劲脆鸡腿堡,KFC,主食,套餐,Baseline,26-Sep-17,,140,134,141,141
华东,浙江,杭州,宁波DC,劲脆鸡腿堡,KFC,主食,套餐,Baseline,27-Sep-17,,166,155,163,163
华东,浙江,杭州,宁波DC,劲脆鸡腿堡,KFC,主食,套餐,Baseline,28-Sep-17,,186,179,188,188
华东,浙江,杭州,宁波DC,劲脆鸡腿堡,KFC,主食,套餐,Baseline,29-Sep-17,,192,181,186,186
华东,浙江,杭州,宁波DC,劲脆鸡腿堡,KFC,主食,套餐,Baseline,30-Sep-17,,150,131,139,139
华东,浙江,杭州,宁波DC,劲脆鸡腿堡,KFC,主食,套餐,Baseline,1-Oct-17,,176,157,165,165
华东,浙江,杭州,宁波DC,劲脆鸡腿堡,KFC,主食,套餐,Baseline,2-Oct-17,,177,160,169,169
华东,浙江,杭州,宁波DC,香辣鸡翅,KFC,小食,鸡肉类,Baseline,1-Jul-17,227,,,,
华东,浙江,杭州,宁波DC,香辣鸡翅,KFC,小食,鸡肉类,Baseline,2-Jul-17,225,,,,
华东,浙江,杭州,宁波DC,香辣鸡翅,KFC,小食,鸡肉类,Baseline,3-Jul-17,236,,,,
华东,浙江,杭州,宁波DC,香辣鸡翅,KFC,小食,鸡肉类,Baseline,4-Jul-17,155,,,,
华东,浙江,杭州,宁波DC,香辣鸡翅,KFC,小食,鸡肉类,Baseline,5-Jul-17,170,,,,
华东,浙江,杭州,宁波DC,香辣鸡翅,KFC,小食,鸡肉类,Baseline,6-Jul-17,232,,,,
华东,浙江,杭州,宁波DC,香辣鸡翅,KFC,小食,鸡肉类,Baseline,7-Jul-17,239,,,,
华东,浙江,杭州,宁波DC,香辣鸡翅,KFC,小食,鸡肉类,Baseline,8-Jul-17,177,,,,
华东,浙江,杭州,宁波DC,香辣鸡翅,KFC,小食,鸡肉类,Baseline,9-Jul-17,242,,,,
华东,浙江,杭州,宁波DC,香辣鸡翅,KFC,小食,鸡肉类,Baseline,10-Jul-17,,224,200,215,215
华东,浙江,杭州,宁波DC,香辣鸡翅,KFC,小食,鸡肉类,Baseline,11-Jul-17,,164,152,160,160
华东,浙江,杭州,宁波DC,香辣鸡翅,KFC,小食,鸡肉类,Baseline,12-Jul-17,,182,175,184,184
华东,浙江,杭州,宁波DC,香辣鸡翅,KFC,小食,鸡肉类,Baseline,13-Jul-17,,149,130,139,139
华东,浙江,杭州,宁波DC,香辣鸡翅,KFC,小食,鸡肉类,Baseline,14-Jul-17,,169,156,162,162
华东,浙江,杭州,宁波DC,香辣鸡翅,KFC,小食,鸡肉类,Baseline,15-Jul-17,,203,184,191,191
华东,浙江,杭州,宁波DC,香辣鸡翅,KFC,小食,鸡肉类,Baseline,16-Jul-17,,196,191,199,199
华东,浙江,杭州,宁波DC,香辣鸡翅,KFC,小食,鸡肉类,Baseline,17-Jul-17,,140,134,143,143
华东,浙江,杭州,宁波DC,香辣鸡翅,KFC,小食,鸡肉类,Baseline,18-Jul-17,,186,166,176,176
华东,浙江,杭州,宁波DC,香辣鸡翅,KFC,小食,鸡肉类,Baseline,19-Jul-17,,213,208,214,214
华东,浙江,杭州,宁波DC,香辣鸡翅,KFC,小食,鸡肉类,Baseline,20-Jul-17,,141,123,129,129
华东,浙江,杭州,宁波DC,香辣鸡翅,KFC,小食,鸡肉类,Baseline,21-Jul-17,,173,160,169,169
华东,浙江,杭州,宁波DC,香辣鸡翅,KFC,小食,鸡肉类,Baseline,22-Jul-17,,221,214,221,221
华东,浙江,杭州,宁波DC,香辣鸡翅,KFC,小食,鸡肉类,Baseline,23-Jul-17,,203,183,192,192
华东,浙江,杭州,宁波DC,香辣鸡翅,KFC,小食,鸡肉类,Baseline,24-Jul-17,,152,144,149,149
华东,浙江,杭州,宁波DC,香辣鸡翅,KFC,小食,鸡肉类,Baseline,25-Jul-17,,181,171,180,180
华东,浙江,杭州,宁波DC,香辣鸡翅,KFC,小食,鸡肉类,Baseline,26-Jul-17,,204,199,204,204
华东,浙江,杭州,宁波DC,香辣鸡翅,KFC,小食,鸡肉类,Baseline,27-Jul-17,,203,187,192,192
华东,浙江,杭州,宁波DC,香辣鸡翅,KFC,小食,鸡肉类,Baseline,28-Jul-17,,154,148,156,156
华东,浙江,杭州,宁波DC,香辣鸡翅,KFC,小食,鸡肉类,Baseline,29-Jul-17,,221,201,210,210
华东,浙江,杭州,宁波DC,香辣鸡翅,KFC,小食,鸡肉类,Baseline,30-Jul-17,,174,154,163,163
华东,浙江,杭州,宁波DC,香辣鸡翅,KFC,小食,鸡肉类,Baseline,31-Jul-17,,214,195,203,203
华东,浙江,杭州,宁波DC,香辣鸡翅,KFC,小食,鸡肉类,Baseline,1-Aug-17,,208,195,200,200
华东,浙江,杭州,宁波DC,香辣鸡翅,KFC,小食,鸡肉类,Baseline,2-Aug-17,,184,166,171,171
华东,浙江,杭州,宁波DC,香辣鸡翅,KFC,小食,鸡肉类,Baseline,3-Aug-17,,194,179,189,189
华东,浙江,杭州,宁波DC,香辣鸡翅,KFC,小食,鸡肉类,Baseline,4-Aug-17,,222,204,214,214
华东,浙江,杭州,宁波DC,香辣鸡翅,KFC,小食,鸡肉类,Baseline,5-Aug-17,,220,213,219,219
华东,浙江,杭州,宁波DC,香辣鸡翅,KFC,小食,鸡肉类,Baseline,6-Aug-17,,209,201,208,208
华东,浙江,杭州,宁波DC,香辣鸡翅,KFC,小食,鸡肉类,Baseline,7-Aug-17,,176,158,167,167
华东,浙江,杭州,宁波DC,香辣鸡翅,KFC,小食,鸡肉类,Baseline,8-Aug-17,,191,173,183,183
华东,浙江,杭州,宁波DC,香辣鸡翅,KFC,小食,鸡肉类,Baseline,9-Aug-17,,212,194,204,204
华东,浙江,杭州,宁波DC,香辣鸡翅,KFC,小食,鸡肉类,Baseline,10-Aug-17,,211,192,197,197
华东,浙江,杭州,宁波DC,香辣鸡翅,KFC,小食,鸡肉类,Baseline,11-Aug-17,,194,189,199,199
华东,浙江,杭州,宁波DC,香辣鸡翅,KFC,小食,鸡肉类,Baseline,12-Aug-17,,203,186,193,193
华东,浙江,杭州,宁波DC,香辣鸡翅,KFC,小食,鸡肉类,Baseline,13-Aug-17,,157,138,145,145
华东,浙江,杭州,宁波DC,香辣鸡翅,KFC,小食,鸡肉类,Baseline,14-Aug-17,,190,184,194,194
华东,浙江,杭州,宁波DC,香辣鸡翅,KFC,小食,鸡肉类,Baseline,15-Aug-17,,217,209,215,215
华东,浙江,杭州,宁波DC,香辣鸡翅,KFC,小食,鸡肉类,Baseline,16-Aug-17,,144,139,144,144
华东,浙江,杭州,宁波DC,香辣鸡翅,KFC,小食,鸡肉类,Baseline,17-Aug-17,,150,130,138,138
华东,浙江,杭州,宁波DC,香辣鸡翅,KFC,小食,鸡肉类,Baseline,18-Aug-17,,203,194,201,201
华东,浙江,杭州,宁波DC,香辣鸡翅,KFC,小食,鸡肉类,Baseline,19-Aug-17,,135,120,130,130
华东,浙江,杭州,宁波DC,香辣鸡翅,KFC,小食,鸡肉类,Baseline,20-Aug-17,,148,140,150,150
华东,浙江,杭州,宁波DC,香辣鸡翅,KFC,小食,鸡肉类,Baseline,21-Aug-17,,225,219,225,225
华东,浙江,杭州,宁波DC,香辣鸡翅,KFC,小食,鸡肉类,Baseline,22-Aug-17,,158,150,159,159
华东,浙江,杭州,宁波DC,香辣鸡翅,KFC,小食,鸡肉类,Baseline,23-Aug-17,,193,180,186,186
华东,浙江,杭州,宁波DC,香辣鸡翅,KFC,小食,鸡肉类,Baseline,24-Aug-17,,174,160,166,166
华东,浙江,杭州,宁波DC,香辣鸡翅,KFC,小食,鸡肉类,Baseline,25-Aug-17,,153,143,152,152
华东,浙江,杭州,宁波DC,香辣鸡翅,KFC,小食,鸡肉类,Baseline,26-Aug-17,,193,173,178,178
华东,浙江,杭州,宁波DC,香辣鸡翅,KFC,小食,鸡肉类,Baseline,27-Aug-17,,190,180,189,189
华东,浙江,杭州,宁波DC,香辣鸡翅,KFC,小食,鸡肉类,Baseline,28-Aug-17,,171,160,169,169
华东,浙江,杭州,宁波DC,香辣鸡翅,KFC,小食,鸡肉类,Baseline,29-Aug-17,,149,136,141,141
华东,浙江,杭州,宁波DC,香辣鸡翅,KFC,小食,鸡肉类,Baseline,30-Aug-17,,172,163,171,171
华东,浙江,杭州,宁波DC,香辣鸡翅,KFC,小食,鸡肉类,Baseline,31-Aug-17,,200,185,194,194
华东,浙江,杭州,宁波DC,香辣鸡翅,KFC,小食,鸡肉类,Baseline,1-Sep-17,,142,135,141,141
华东,浙江,杭州,宁波DC,香辣鸡翅,KFC,小食,鸡肉类,Baseline,2-Sep-17,,178,172,177,177
华东,浙江,杭州,宁波DC,香辣鸡翅,KFC,小食,鸡肉类,Baseline,3-Sep-17,,153,145,153,153
华东,浙江,杭州,宁波DC,香辣鸡翅,KFC,小食,鸡肉类,Baseline,4-Sep-17,,184,179,184,184
华东,浙江,杭州,宁波DC,香辣鸡翅,KFC,小食,鸡肉类,Baseline,5-Sep-17,,219,207,214,214
华东,浙江,杭州,宁波DC,香辣鸡翅,KFC,小食,鸡肉类,Baseline,6-Sep-17,,169,159,165,165
华东,浙江,杭州,宁波DC,香辣鸡翅,KFC,小食,鸡肉类,Baseline,7-Sep-17,,136,121,127,127
华东,浙江,杭州,宁波DC,香辣鸡翅,KFC,小食,鸡肉类,Baseline,8-Sep-17,,185,171,178,178
华东,浙江,杭州,宁波DC,香辣鸡翅,KFC,小食,鸡肉类,Baseline,9-Sep-17,,172,159,166,166
华东,浙江,杭州,宁波DC,香辣鸡翅,KFC,小食,鸡肉类,Baseline,10-Sep-17,,175,155,163,163
华东,浙江,杭州,宁波DC,香辣鸡翅,KFC,小食,鸡肉类,Baseline,11-Sep-17,,193,182,188,188
华东,浙江,杭州,宁波DC,香辣鸡翅,KFC,小食,鸡肉类,Baseline,12-Sep-17,,203,196,205,205
华东,浙江,杭州,宁波DC,香辣鸡翅,KFC,小食,鸡肉类,Baseline,13-Sep-17,,213,201,210,210
华东,浙江,杭州,宁波DC,香辣鸡翅,KFC,小食,鸡肉类,Baseline,14-Sep-17,,147,137,146,146
华东,浙江,杭州,宁波DC,香辣鸡翅,KFC,小食,鸡肉类,Baseline,15-Sep-17,,198,182,189,189
华东,浙江,杭州,宁波DC,香辣鸡翅,KFC,小食,鸡肉类,Baseline,16-Sep-17,,212,192,199,199
华东,浙江,杭州,宁波DC,香辣鸡翅,KFC,小食,鸡肉类,Baseline,17-Sep-17,,159,146,153,153
华东,浙江,杭州,宁波DC,香辣鸡翅,KFC,小食,鸡肉类,Baseline,18-Sep-17,,175,165,172,172
华东,浙江,杭州,宁波DC,香辣鸡翅,KFC,小食,鸡肉类,Baseline,19-Sep-17,,191,181,191,191
华东,浙江,杭州,宁波DC,香辣鸡翅,KFC,小食,鸡肉类,Baseline,20-Sep-17,,156,139,146,146
华东,浙江,杭州,宁波DC,香辣鸡翅,KFC,小食,鸡肉类,Baseline,21-Sep-17,,225,218,223,223
华东,浙江,杭州,宁波DC,香辣鸡翅,KFC,小食,鸡肉类,Baseline,22-Sep-17,,184,165,173,173
华东,浙江,杭州,宁波DC,香辣鸡翅,KFC,小食,鸡肉类,Baseline,23-Sep-17,,170,153,163,163
华东,浙江,杭州,宁波DC,香辣鸡翅,KFC,小食,鸡肉类,Baseline,24-Sep-17,,199,188,196,196
华东,浙江,杭州,宁波DC,香辣鸡翅,KFC,小食,鸡肉类,Baseline,25-Sep-17,,151,135,141,141
华东,浙江,杭州,宁波DC,香辣鸡翅,KFC,小食,鸡肉类,Baseline,26-Sep-17,,140,134,141,141
华东,浙江,杭州,宁波DC,香辣鸡翅,KFC,小食,鸡肉类,Baseline,27-Sep-17,,166,155,163,163
华东,浙江,杭州,宁波DC,香辣鸡翅,KFC,小食,鸡肉类,Baseline,28-Sep-17,,186,179,188,188
华东,浙江,杭州,宁波DC,香辣鸡翅,KFC,小食,鸡肉类,Baseline,29-Sep-17,,192,181,186,186
华东,浙江,杭州,宁波DC,香辣鸡翅,KFC,小食,鸡肉类,Baseline,30-Sep-17,,150,131,139,139
华东,浙江,杭州,宁波DC,香辣鸡翅,KFC,小食,鸡肉类,Baseline,1-Oct-17,,176,157,165,165
华东,浙江,杭州,宁波DC,香辣鸡翅,KFC,小食,鸡肉类,Baseline,2-Oct-17,,177,160,169,169
华东,浙江,杭州,宁波DC,薯条,KFC,配餐,油炸类,Baseline,1-Jul-17,227,,,,
华东,浙江,杭州,宁波DC,薯条,KFC,配餐,油炸类,Baseline,2-Jul-17,225,,,,
华东,浙江,杭州,宁波DC,薯条,KFC,配餐,油炸类,Baseline,3-Jul-17,236,,,,
华东,浙江,杭州,宁波DC,薯条,KFC,配餐,油炸类,Baseline,4-Jul-17,155,,,,
华东,浙江,杭州,宁波DC,薯条,KFC,配餐,油炸类,Baseline,5-Jul-17,170,,,,
华东,浙江,杭州,宁波DC,薯条,KFC,配餐,油炸类,Baseline,6-Jul-17,232,,,,
华东,浙江,杭州,宁波DC,薯条,KFC,配餐,油炸类,Baseline,7-Jul-17,239,,,,
华东,浙江,杭州,宁波DC,薯条,KFC,配餐,油炸类,Baseline,8-Jul-17,177,,,,
华东,浙江,杭州,宁波DC,薯条,KFC,配餐,油炸类,Baseline,9-Jul-17,242,,,,
华东,浙江,杭州,宁波DC,薯条,KFC,配餐,油炸类,Baseline,10-Jul-17,,224,200,215,215
华东,浙江,杭州,宁波DC,薯条,KFC,配餐,油炸类,Baseline,11-Jul-17,,164,152,160,160
华东,浙江,杭州,宁波DC,薯条,KFC,配餐,油炸类,Baseline,12-Jul-17,,182,175,184,184
华东,浙江,杭州,宁波DC,薯条,KFC,配餐,油炸类,Baseline,13-Jul-17,,149,130,139,139
华东,浙江,杭州,宁波DC,薯条,KFC,配餐,油炸类,Baseline,14-Jul-17,,169,156,162,162
华东,浙江,杭州,宁波DC,薯条,KFC,配餐,油炸类,Baseline,15-Jul-17,,203,184,191,191
华东,浙江,杭州,宁波DC,薯条,KFC,配餐,油炸类,Baseline,16-Jul-17,,196,191,199,199
华东,浙江,杭州,宁波DC,薯条,KFC,配餐,油炸类,Baseline,17-Jul-17,,140,134,143,143
华东,浙江,杭州,宁波DC,薯条,KFC,配餐,油炸类,Baseline,18-Jul-17,,186,166,176,176
华东,浙江,杭州,宁波DC,薯条,KFC,配餐,油炸类,Baseline,19-Jul-17,,213,208,214,214
华东,浙江,杭州,宁波DC,薯条,KFC,配餐,油炸类,Baseline,20-Jul-17,,141,123,129,129
华东,浙江,杭州,宁波DC,薯条,KFC,配餐,油炸类,Baseline,21-Jul-17,,173,160,169,169
华东,浙江,杭州,宁波DC,薯条,KFC,配餐,油炸类,Baseline,22-Jul-17,,221,214,221,221
华东,浙江,杭州,宁波DC,薯条,KFC,配餐,油炸类,Baseline,23-Jul-17,,203,183,192,192
华东,浙江,杭州,宁波DC,薯条,KFC,配餐,油炸类,Baseline,24-Jul-17,,152,144,149,149
华东,浙江,杭州,宁波DC,薯条,KFC,配餐,油炸类,Baseline,25-Jul-17,,181,171,180,180
华东,浙江,杭州,宁波DC,薯条,KFC,配餐,油炸类,Baseline,26-Jul-17,,204,199,204,204
华东,浙江,杭州,宁波DC,薯条,KFC,配餐,油炸类,Baseline,27-Jul-17,,203,187,192,192
华东,浙江,杭州,宁波DC,薯条,KFC,配餐,油炸类,Baseline,28-Jul-17,,154,148,156,156
华东,浙江,杭州,宁波DC,薯条,KFC,配餐,油炸类,Baseline,29-Jul-17,,221,201,210,210
华东,浙江,杭州,宁波DC,薯条,KFC,配餐,油炸类,Baseline,30-Jul-17,,174,154,163,163
华东,浙江,杭州,宁波DC,薯条,KFC,配餐,油炸类,Baseline,31-Jul-17,,214,195,203,203
华东,浙江,杭州,宁波DC,薯条,KFC,配餐,油炸类,Baseline,1-Aug-17,,208,195,200,200
华东,浙江,杭州,宁波DC,薯条,KFC,配餐,油炸类,Baseline,2-Aug-17,,184,166,171,171
华东,浙江,杭州,宁波DC,薯条,KFC,配餐,油炸类,Baseline,3-Aug-17,,194,179,189,189
华东,浙江,杭州,宁波DC,薯条,KFC,配餐,油炸类,Baseline,4-Aug-17,,222,204,214,214
华东,浙江,杭州,宁波DC,薯条,KFC,配餐,油炸类,Baseline,5-Aug-17,,220,213,219,219
华东,浙江,杭州,宁波DC,薯条,KFC,配餐,油炸类,Baseline,6-Aug-17,,209,201,208,208
华东,浙江,杭州,宁波DC,薯条,KFC,配餐,油炸类,Baseline,7-Aug-17,,176,158,167,167
华东,浙江,杭州,宁波DC,薯条,KFC,配餐,油炸类,Baseline,8-Aug-17,,191,173,183,183
华东,浙江,杭州,宁波DC,薯条,KFC,配餐,油炸类,Baseline,9-Aug-17,,212,194,204,204
华东,浙江,杭州,宁波DC,薯条,KFC,配餐,油炸类,Baseline,10-Aug-17,,211,192,197,197
华东,浙江,杭州,宁波DC,薯条,KFC,配餐,油炸类,Baseline,11-Aug-17,,194,189,199,199
华东,浙江,杭州,宁波DC,薯条,KFC,配餐,油炸类,Baseline,12-Aug-17,,203,186,193,193
华东,浙江,杭州,宁波DC,薯条,KFC,配餐,油炸类,Baseline,13-Aug-17,,157,138,145,145
华东,浙江,杭州,宁波DC,薯条,KFC,配餐,油炸类,Baseline,14-Aug-17,,190,184,194,194
华东,浙江,杭州,宁波DC,薯条,KFC,配餐,油炸类,Baseline,15-Aug-17,,217,209,215,215
华东,浙江,杭州,宁波DC,薯条,KFC,配餐,油炸类,Baseline,16-Aug-17,,144,139,144,144
华东,浙江,杭州,宁波DC,薯条,KFC,配餐,油炸类,Baseline,17-Aug-17,,150,130,138,138
华东,浙江,杭州,宁波DC,薯条,KFC,配餐,油炸类,Baseline,18-Aug-17,,203,194,201,201
华东,浙江,杭州,宁波DC,薯条,KFC,配餐,油炸类,Baseline,19-Aug-17,,135,120,130,130
华东,浙江,杭州,宁波DC,薯条,KFC,配餐,油炸类,Baseline,20-Aug-17,,148,140,150,150
华东,浙江,杭州,宁波DC,薯条,KFC,配餐,油炸类,Baseline,21-Aug-17,,225,219,225,225
华东,浙江,杭州,宁波DC,薯条,KFC,配餐,油炸类,Baseline,22-Aug-17,,158,150,159,159
华东,浙江,杭州,宁波DC,薯条,KFC,配餐,油炸类,Baseline,23-Aug-17,,193,180,186,186
华东,浙江,杭州,宁波DC,薯条,KFC,配餐,油炸类,Baseline,24-Aug-17,,174,160,166,166
华东,浙江,杭州,宁波DC,薯条,KFC,配餐,油炸类,Baseline,25-Aug-17,,153,143,152,152
华东,浙江,杭州,宁波DC,薯条,KFC,配餐,油炸类,Baseline,26-Aug-17,,193,173,178,178
华东,浙江,杭州,宁波DC,薯条,KFC,配餐,油炸类,Baseline,27-Aug-17,,190,180,189,189
华东,浙江,杭州,宁波DC,薯条,KFC,配餐,油炸类,Baseline,28-Aug-17,,171,160,169,169
华东,浙江,杭州,宁波DC,薯条,KFC,配餐,油炸类,Baseline,29-Aug-17,,149,136,141,141
华东,浙江,杭州,宁波DC,薯条,KFC,配餐,油炸类,Baseline,30-Aug-17,,172,163,171,171
华东,浙江,杭州,宁波DC,薯条,KFC,配餐,油炸类,Baseline,31-Aug-17,,200,185,194,194
华东,浙江,杭州,宁波DC,薯条,KFC,配餐,油炸类,Baseline,1-Sep-17,,142,135,141,141
华东,浙江,杭州,宁波DC,薯条,KFC,配餐,油炸类,Baseline,2-Sep-17,,178,172,177,177
华东,浙江,杭州,宁波DC,薯条,KFC,配餐,油炸类,Baseline,3-Sep-17,,153,145,153,153
华东,浙江,杭州,宁波DC,薯条,KFC,配餐,油炸类,Baseline,4-Sep-17,,184,179,184,184
华东,浙江,杭州,宁波DC,薯条,KFC,配餐,油炸类,Baseline,5-Sep-17,,219,207,214,214
华东,浙江,杭州,宁波DC,薯条,KFC,配餐,油炸类,Baseline,6-Sep-17,,169,159,165,165
华东,浙江,杭州,宁波DC,薯条,KFC,配餐,油炸类,Baseline,7-Sep-17,,136,121,127,127
华东,浙江,杭州,宁波DC,薯条,KFC,配餐,油炸类,Baseline,8-Sep-17,,185,171,178,178
华东,浙江,杭州,宁波DC,薯条,KFC,配餐,油炸类,Baseline,9-Sep-17,,172,159,166,166
华东,浙江,杭州,宁波DC,薯条,KFC,配餐,油炸类,Baseline,10-Sep-17,,175,155,163,163
华东,浙江,杭州,宁波DC,薯条,KFC,配餐,油炸类,Baseline,11-Sep-17,,193,182,188,188
华东,浙江,杭州,宁波DC,薯条,KFC,配餐,油炸类,Baseline,12-Sep-17,,203,196,205,205
华东,浙江,杭州,宁波DC,薯条,KFC,配餐,油炸类,Baseline,13-Sep-17,,213,201,210,210
华东,浙江,杭州,宁波DC,薯条,KFC,配餐,油炸类,Baseline,14-Sep-17,,147,137,146,146
华东,浙江,杭州,宁波DC,薯条,KFC,配餐,油炸类,Baseline,15-Sep-17,,198,182,189,189
华东,浙江,杭州,宁波DC,薯条,KFC,配餐,油炸类,Baseline,16-Sep-17,,212,192,199,199
华东,浙江,杭州,宁波DC,薯条,KFC,配餐,油炸类,Baseline,17-Sep-17,,159,146,153,153
华东,浙江,杭州,宁波DC,薯条,KFC,配餐,油炸类,Baseline,18-Sep-17,,175,165,172,172
华东,浙江,杭州,宁波DC,薯条,KFC,配餐,油炸类,Baseline,19-Sep-17,,191,181,191,191
华东,浙江,杭州,宁波DC,薯条,KFC,配餐,油炸类,Baseline,20-Sep-17,,156,139,146,146
华东,浙江,杭州,宁波DC,薯条,KFC,配餐,油炸类,Baseline,21-Sep-17,,225,218,223,223
华东,浙江,杭州,宁波DC,薯条,KFC,配餐,油炸类,Baseline,22-Sep-17,,184,165,173,173
华东,浙江,杭州,宁波DC,薯条,KFC,配餐,油炸类,Baseline,23-Sep-17,,170,153,163,163
华东,浙江,杭州,宁波DC,薯条,KFC,配餐,油炸类,Baseline,24-Sep-17,,199,188,196,196
华东,浙江,杭州,宁波DC,薯条,KFC,配餐,油炸类,Baseline,25-Sep-17,,151,135,141,141
华东,浙江,杭州,宁波DC,薯条,KFC,配餐,油炸类,Baseline,26-Sep-17,,140,134,141,141
华东,浙江,杭州,宁波DC,薯条,KFC,配餐,油炸类,Baseline,27-Sep-17,,166,155,163,163
华东,浙江,杭州,宁波DC,薯条,KFC,配餐,油炸类,Baseline,28-Sep-17,,186,179,188,188
华东,浙江,杭州,宁波DC,薯条,KFC,配餐,油炸类,Baseline,29-Sep-17,,192,181,186,186
华东,浙江,杭州,宁波DC,薯条,KFC,配餐,油炸类,Baseline,30-Sep-17,,150,131,139,139
华东,浙江,杭州,宁波DC,薯条,KFC,配餐,油炸类,Baseline,1-Oct-17,,176,157,165,165
华东,浙江,杭州,宁波DC,薯条,KFC,配餐,油炸类,Baseline,2-Oct-17,,177,160,169,169
华东,浙江,杭州,宁波DC,薯条,KFC,早餐,皮蛋瘦肉粥,Baseline,1-Jul-17,227,,,,
华东,浙江,杭州,宁波DC,薯条,KFC,早餐,皮蛋瘦肉粥,Baseline,2-Jul-17,225,,,,
华东,浙江,杭州,宁波DC,薯条,KFC,早餐,皮蛋瘦肉粥,Baseline,3-Jul-17,236,,,,
华东,浙江,杭州,宁波DC,薯条,KFC,早餐,皮蛋瘦肉粥,Baseline,4-Jul-17,155,,,,
华东,浙江,杭州,宁波DC,薯条,KFC,早餐,皮蛋瘦肉粥,Baseline,5-Jul-17,170,,,,
华东,浙江,杭州,宁波DC,薯条,KFC,早餐,皮蛋瘦肉粥,Baseline,6-Jul-17,232,,,,
华东,浙江,杭州,宁波DC,薯条,KFC,早餐,皮蛋瘦肉粥,Baseline,7-Jul-17,239,,,,
华东,浙江,杭州,宁波DC,薯条,KFC,早餐,皮蛋瘦肉粥,Baseline,8-Jul-17,177,,,,
华东,浙江,杭州,宁波DC,薯条,KFC,早餐,皮蛋瘦肉粥,Baseline,9-Jul-17,242,,,,
华东,浙江,杭州,宁波DC,薯条,KFC,早餐,皮蛋瘦肉粥,Baseline,10-Jul-17,,224,200,215,215
华东,浙江,杭州,宁波DC,薯条,KFC,早餐,皮蛋瘦肉粥,Baseline,11-Jul-17,,164,152,160,160
华东,浙江,杭州,宁波DC,薯条,KFC,早餐,皮蛋瘦肉粥,Baseline,12-Jul-17,,182,175,184,184
华东,浙江,杭州,宁波DC,薯条,KFC,早餐,皮蛋瘦肉粥,Baseline,13-Jul-17,,149,130,139,139
华东,浙江,杭州,宁波DC,薯条,KFC,早餐,皮蛋瘦肉粥,Baseline,14-Jul-17,,169,156,162,162
华东,浙江,杭州,宁波DC,薯条,KFC,早餐,皮蛋瘦肉粥,Baseline,15-Jul-17,,203,184,191,191
华东,浙江,杭州,宁波DC,薯条,KFC,早餐,皮蛋瘦肉粥,Baseline,16-Jul-17,,196,191,199,199
华东,浙江,杭州,宁波DC,薯条,KFC,早餐,皮蛋瘦肉粥,Baseline,17-Jul-17,,140,134,143,143
华东,浙江,杭州,宁波DC,薯条,KFC,早餐,皮蛋瘦肉粥,Baseline,18-Jul-17,,186,166,176,176
华东,浙江,杭州,宁波DC,薯条,KFC,早餐,皮蛋瘦肉粥,Baseline,19-Jul-17,,213,208,214,214
华东,浙江,杭州,宁波DC,薯条,KFC,早餐,皮蛋瘦肉粥,Baseline,20-Jul-17,,141,123,129,129
华东,浙江,杭州,宁波DC,薯条,KFC,早餐,皮蛋瘦肉粥,Baseline,21-Jul-17,,173,160,169,169
华东,浙江,杭州,宁波DC,薯条,KFC,早餐,皮蛋瘦肉粥,Baseline,22-Jul-17,,221,214,221,221
华东,浙江,杭州,宁波DC,薯条,KFC,早餐,皮蛋瘦肉粥,Baseline,23-Jul-17,,203,183,192,192
华东,浙江,杭州,宁波DC,薯条,KFC,早餐,皮蛋瘦肉粥,Baseline,24-Jul-17,,152,144,149,149
华东,浙江,杭州,宁波DC,薯条,KFC,早餐,皮蛋瘦肉粥,Baseline,25-Jul-17,,181,171,180,180
华东,浙江,杭州,宁波DC,薯条,KFC,早餐,皮蛋瘦肉粥,Baseline,26-Jul-17,,204,199,204,204
华东,浙江,杭州,宁波DC,薯条,KFC,早餐,皮蛋瘦肉粥,Baseline,27-Jul-17,,203,187,192,192
华东,浙江,杭州,宁波DC,薯条,KFC,早餐,皮蛋瘦肉粥,Baseline,28-Jul-17,,154,148,156,156
华东,浙江,杭州,宁波DC,薯条,KFC,早餐,皮蛋瘦肉粥,Baseline,29-Jul-17,,221,201,210,210
华东,浙江,杭州,宁波DC,薯条,KFC,早餐,皮蛋瘦肉粥,Baseline,30-Jul-17,,174,154,163,163
华东,浙江,杭州,宁波DC,薯条,KFC,早餐,皮蛋瘦肉粥,Baseline,31-Jul-17,,214,195,203,203
华东,浙江,杭州,宁波DC,薯条,KFC,早餐,皮蛋瘦肉粥,Baseline,1-Aug-17,,208,195,200,200
华东,浙江,杭州,宁波DC,薯条,KFC,早餐,皮蛋瘦肉粥,Baseline,2-Aug-17,,184,166,171,171
华东,浙江,杭州,宁波DC,薯条,KFC,早餐,皮蛋瘦肉粥,Baseline,3-Aug-17,,194,179,189,189
华东,浙江,杭州,宁波DC,薯条,KFC,早餐,皮蛋瘦肉粥,Baseline,4-Aug-17,,222,204,214,214
华东,浙江,杭州,宁波DC,薯条,KFC,早餐,皮蛋瘦肉粥,Baseline,5-Aug-17,,220,213,219,219
华东,浙江,杭州,宁波DC,薯条,KFC,早餐,皮蛋瘦肉粥,Baseline,6-Aug-17,,209,201,208,208
华东,浙江,杭州,宁波DC,薯条,KFC,早餐,皮蛋瘦肉粥,Baseline,7-Aug-17,,176,158,167,167
华东,浙江,杭州,宁波DC,薯条,KFC,早餐,皮蛋瘦肉粥,Baseline,8-Aug-17,,191,173,183,183
华东,浙江,杭州,宁波DC,薯条,KFC,早餐,皮蛋瘦肉粥,Baseline,9-Aug-17,,212,194,204,204
华东,浙江,杭州,宁波DC,薯条,KFC,早餐,皮蛋瘦肉粥,Baseline,10-Aug-17,,211,192,197,197
华东,浙江,杭州,宁波DC,薯条,KFC,早餐,皮蛋瘦肉粥,Baseline,11-Aug-17,,194,189,199,199
华东,浙江,杭州,宁波DC,薯条,KFC,早餐,皮蛋瘦肉粥,Baseline,12-Aug-17,,203,186,193,193
华东,浙江,杭州,宁波DC,薯条,KFC,早餐,皮蛋瘦肉粥,Baseline,13-Aug-17,,157,138,145,145
华东,浙江,杭州,宁波DC,薯条,KFC,早餐,皮蛋瘦肉粥,Baseline,14-Aug-17,,190,184,194,194
华东,浙江,杭州,宁波DC,薯条,KFC,早餐,皮蛋瘦肉粥,Baseline,15-Aug-17,,217,209,215,215
华东,浙江,杭州,宁波DC,薯条,KFC,早餐,皮蛋瘦肉粥,Baseline,16-Aug-17,,144,139,144,144
华东,浙江,杭州,宁波DC,薯条,KFC,早餐,皮蛋瘦肉粥,Baseline,17-Aug-17,,150,130,138,138
华东,浙江,杭州,宁波DC,薯条,KFC,早餐,皮蛋瘦肉粥,Baseline,18-Aug-17,,203,194,201,201
华东,浙江,杭州,宁波DC,薯条,KFC,早餐,皮蛋瘦肉粥,Baseline,19-Aug-17,,135,120,130,130
华东,浙江,杭州,宁波DC,薯条,KFC,早餐,皮蛋瘦肉粥,Baseline,20-Aug-17,,148,140,150,150
华东,浙江,杭州,宁波DC,薯条,KFC,早餐,皮蛋瘦肉粥,Baseline,21-Aug-17,,225,219,225,225
华东,浙江,杭州,宁波DC,薯条,KFC,早餐,皮蛋瘦肉粥,Baseline,22-Aug-17,,158,150,159,159
华东,浙江,杭州,宁波DC,薯条,KFC,早餐,皮蛋瘦肉粥,Baseline,23-Aug-17,,193,180,186,186
华东,浙江,杭州,宁波DC,薯条,KFC,早餐,皮蛋瘦肉粥,Baseline,24-Aug-17,,174,160,166,166
华东,浙江,杭州,宁波DC,薯条,KFC,早餐,皮蛋瘦肉粥,Baseline,25-Aug-17,,153,143,152,152
华东,浙江,杭州,宁波DC,薯条,KFC,早餐,皮蛋瘦肉粥,Baseline,26-Aug-17,,193,173,178,178
华东,浙江,杭州,宁波DC,薯条,KFC,早餐,皮蛋瘦肉粥,Baseline,27-Aug-17,,190,180,189,189
华东,浙江,杭州,宁波DC,薯条,KFC,早餐,皮蛋瘦肉粥,Baseline,28-Aug-17,,171,160,169,169
华东,浙江,杭州,宁波DC,薯条,KFC,早餐,皮蛋瘦肉粥,Baseline,29-Aug-17,,149,136,141,141
华东,浙江,杭州,宁波DC,薯条,KFC,早餐,皮蛋瘦肉粥,Baseline,30-Aug-17,,172,163,171,171
华东,浙江,杭州,宁波DC,薯条,KFC,早餐,皮蛋瘦肉粥,Baseline,31-Aug-17,,200,185,194,194
华东,浙江,杭州,宁波DC,薯条,KFC,早餐,皮蛋瘦肉粥,Baseline,1-Sep-17,,142,135,141,141
华东,浙江,杭州,宁波DC,薯条,KFC,早餐,皮蛋瘦肉粥,Baseline,2-Sep-17,,178,172,177,177
华东,浙江,杭州,宁波DC,薯条,KFC,早餐,皮蛋瘦肉粥,Baseline,3-Sep-17,,153,145,153,153
华东,浙江,杭州,宁波DC,薯条,KFC,早餐,皮蛋瘦肉粥,Baseline,4-Sep-17,,184,179,184,184
华东,浙江,杭州,宁波DC,薯条,KFC,早餐,皮蛋瘦肉粥,Baseline,5-Sep-17,,219,207,214,214
华东,浙江,杭州,宁波DC,薯条,KFC,早餐,皮蛋瘦肉粥,Baseline,6-Sep-17,,169,159,165,165
华东,浙江,杭州,宁波DC,薯条,KFC,早餐,皮蛋瘦肉粥,Baseline,7-Sep-17,,136,121,127,127
华东,浙江,杭州,宁波DC,薯条,KFC,早餐,皮蛋瘦肉粥,Baseline,8-Sep-17,,185,171,178,178
华东,浙江,杭州,宁波DC,薯条,KFC,早餐,皮蛋瘦肉粥,Baseline,9-Sep-17,,172,159,166,166
华东,浙江,杭州,宁波DC,薯条,KFC,早餐,皮蛋瘦肉粥,Baseline,10-Sep-17,,175,155,163,163
华东,浙江,杭州,宁波DC,薯条,KFC,早餐,皮蛋瘦肉粥,Baseline,11-Sep-17,,193,182,188,188
华东,浙江,杭州,宁波DC,薯条,KFC,早餐,皮蛋瘦肉粥,Baseline,12-Sep-17,,203,196,205,205
华东,浙江,杭州,宁波DC,薯条,KFC,早餐,皮蛋瘦肉粥,Baseline,13-Sep-17,,213,201,210,210
华东,浙江,杭州,宁波DC,薯条,KFC,早餐,皮蛋瘦肉粥,Baseline,14-Sep-17,,147,137,146,146
华东,浙江,杭州,宁波DC,薯条,KFC,早餐,皮蛋瘦肉粥,Baseline,15-Sep-17,,198,182,189,189
华东,浙江,杭州,宁波DC,薯条,KFC,早餐,皮蛋瘦肉粥,Baseline,16-Sep-17,,212,192,199,199
华东,浙江,杭州,宁波DC,薯条,KFC,早餐,皮蛋瘦肉粥,Baseline,17-Sep-17,,159,146,153,153
华东,浙江,杭州,宁波DC,薯条,KFC,早餐,皮蛋瘦肉粥,Baseline,18-Sep-17,,175,165,172,172
华东,浙江,杭州,宁波DC,薯条,KFC,早餐,皮蛋瘦肉粥,Baseline,19-Sep-17,,191,181,191,191
华东,浙江,杭州,宁波DC,薯条,KFC,早餐,皮蛋瘦肉粥,Baseline,20-Sep-17,,156,139,146,146
华东,浙江,杭州,宁波DC,薯条,KFC,早餐,皮蛋瘦肉粥,Baseline,21-Sep-17,,225,218,223,223
华东,浙江,杭州,宁波DC,薯条,KFC,早餐,皮蛋瘦肉粥,Baseline,22-Sep-17,,184,165,173,173
华东,浙江,杭州,宁波DC,薯条,KFC,早餐,皮蛋瘦肉粥,Baseline,23-Sep-17,,170,153,163,163
华东,浙江,杭州,宁波DC,薯条,KFC,早餐,皮蛋瘦肉粥,Baseline,24-Sep-17,,199,188,196,196
华东,浙江,杭州,宁波DC,薯条,KFC,早餐,皮蛋瘦肉粥,Baseline,25-Sep-17,,151,135,141,141
华东,浙江,杭州,宁波DC,薯条,KFC,早餐,皮蛋瘦肉粥,Baseline,26-Sep-17,,140,134,141,141
华东,浙江,杭州,宁波DC,薯条,KFC,早餐,皮蛋瘦肉粥,Baseline,27-Sep-17,,166,155,163,163
华东,浙江,杭州,宁波DC,薯条,KFC,早餐,皮蛋瘦肉粥,Baseline,28-Sep-17,,186,179,188,188
华东,浙江,杭州,宁波DC,薯条,KFC,早餐,皮蛋瘦肉粥,Baseline,29-Sep-17,,192,181,186,186
华东,浙江,杭州,宁波DC,薯条,KFC,早餐,皮蛋瘦肉粥,Baseline,30-Sep-17,,150,131,139,139
华东,浙江,杭州,宁波DC,薯条,KFC,早餐,皮蛋瘦肉粥,Baseline,1-Oct-17,,176,157,165,165
华东,浙江,杭州,宁波DC,薯条,KFC,早餐,皮蛋瘦肉粥,Baseline,2-Oct-17,,177,160,169,169
华东,浙江,杭州,宁波DC,劲脆鸡腿堡,KFC,主食,套餐,Event,1-Jul-17,227,,,,
华东,浙江,杭州,宁波DC,劲脆鸡腿堡,KFC,主食,套餐,Event,2-Jul-17,225,,,,
华东,浙江,杭州,宁波DC,劲脆鸡腿堡,KFC,主食,套餐,Event,3-Jul-17,236,,,,
华东,浙江,杭州,宁波DC,劲脆鸡腿堡,KFC,主食,套餐,Event,4-Jul-17,155,,,,
华东,浙江,杭州,宁波DC,劲脆鸡腿堡,KFC,主食,套餐,Event,5-Jul-17,170,,,,
华东,浙江,杭州,宁波DC,劲脆鸡腿堡,KFC,主食,套餐,Event,6-Jul-17,232,,,,
华东,浙江,杭州,宁波DC,劲脆鸡腿堡,KFC,主食,套餐,Event,7-Jul-17,239,,,,
华东,浙江,杭州,宁波DC,劲脆鸡腿堡,KFC,主食,套餐,Event,8-Jul-17,177,,,,
华东,浙江,杭州,宁波DC,劲脆鸡腿堡,KFC,主食,套餐,Event,9-Jul-17,242,,,,
华东,浙江,杭州,宁波DC,劲脆鸡腿堡,KFC,主食,套餐,Event,10-Jul-17,,224,200,215,215
华东,浙江,杭州,宁波DC,劲脆鸡腿堡,KFC,主食,套餐,Event,11-Jul-17,,164,152,160,160
华东,浙江,杭州,宁波DC,劲脆鸡腿堡,KFC,主食,套餐,Event,12-Jul-17,,182,175,184,184
华东,浙江,杭州,宁波DC,劲脆鸡腿堡,KFC,主食,套餐,Event,13-Jul-17,,149,130,139,139
华东,浙江,杭州,宁波DC,劲脆鸡腿堡,KFC,主食,套餐,Event,14-Jul-17,,169,156,162,162
华东,浙江,杭州,宁波DC,劲脆鸡腿堡,KFC,主食,套餐,Event,15-Jul-17,,203,184,191,191
华东,浙江,杭州,宁波DC,劲脆鸡腿堡,KFC,主食,套餐,Event,16-Jul-17,,196,191,199,199
华东,浙江,杭州,宁波DC,劲脆鸡腿堡,KFC,主食,套餐,Event,17-Jul-17,,140,134,143,143
华东,浙江,杭州,宁波DC,劲脆鸡腿堡,KFC,主食,套餐,Event,18-Jul-17,,186,166,176,176
华东,浙江,杭州,宁波DC,劲脆鸡腿堡,KFC,主食,套餐,Event,19-Jul-17,,213,208,214,214
华东,浙江,杭州,宁波DC,劲脆鸡腿堡,KFC,主食,套餐,Event,20-Jul-17,,141,123,129,129
华东,浙江,杭州,宁波DC,劲脆鸡腿堡,KFC,主食,套餐,Event,21-Jul-17,,173,160,169,169
华东,浙江,杭州,宁波DC,劲脆鸡腿堡,KFC,主食,套餐,Event,22-Jul-17,,221,214,221,221
华东,浙江,杭州,宁波DC,劲脆鸡腿堡,KFC,主食,套餐,Event,23-Jul-17,,203,183,192,192
华东,浙江,杭州,宁波DC,劲脆鸡腿堡,KFC,主食,套餐,Event,24-Jul-17,,152,144,149,149
华东,浙江,杭州,宁波DC,劲脆鸡腿堡,KFC,主食,套餐,Event,25-Jul-17,,181,171,180,180
华东,浙江,杭州,宁波DC,劲脆鸡腿堡,KFC,主食,套餐,Event,26-Jul-17,,204,199,204,204
华东,浙江,杭州,宁波DC,劲脆鸡腿堡,KFC,主食,套餐,Event,27-Jul-17,,203,187,192,192
华东,浙江,杭州,宁波DC,劲脆鸡腿堡,KFC,主食,套餐,Event,28-Jul-17,,154,148,156,156
华东,浙江,杭州,宁波DC,劲脆鸡腿堡,KFC,主食,套餐,Event,29-Jul-17,,221,201,210,210
华东,浙江,杭州,宁波DC,劲脆鸡腿堡,KFC,主食,套餐,Event,30-Jul-17,,174,154,163,163
华东,浙江,杭州,宁波DC,劲脆鸡腿堡,KFC,主食,套餐,Event,31-Jul-17,,214,195,203,203
华东,浙江,杭州,宁波DC,劲脆鸡腿堡,KFC,主食,套餐,Event,1-Aug-17,,208,195,200,200
华东,浙江,杭州,宁波DC,劲脆鸡腿堡,KFC,主食,套餐,Event,2-Aug-17,,184,166,171,171
华东,浙江,杭州,宁波DC,劲脆鸡腿堡,KFC,主食,套餐,Event,3-Aug-17,,194,179,189,189
华东,浙江,杭州,宁波DC,劲脆鸡腿堡,KFC,主食,套餐,Event,4-Aug-17,,222,204,214,214
华东,浙江,杭州,宁波DC,劲脆鸡腿堡,KFC,主食,套餐,Event,5-Aug-17,,220,213,219,219
华东,浙江,杭州,宁波DC,劲脆鸡腿堡,KFC,主食,套餐,Event,6-Aug-17,,209,201,208,208
华东,浙江,杭州,宁波DC,劲脆鸡腿堡,KFC,主食,套餐,Event,7-Aug-17,,176,158,167,167
华东,浙江,杭州,宁波DC,劲脆鸡腿堡,KFC,主食,套餐,Event,8-Aug-17,,191,173,183,183
华东,浙江,杭州,宁波DC,劲脆鸡腿堡,KFC,主食,套餐,Event,9-Aug-17,,212,194,204,204
华东,浙江,杭州,宁波DC,劲脆鸡腿堡,KFC,主食,套餐,Event,10-Aug-17,,211,192,197,197
华东,浙江,杭州,宁波DC,劲脆鸡腿堡,KFC,主食,套餐,Event,11-Aug-17,,194,189,199,199
华东,浙江,杭州,宁波DC,劲脆鸡腿堡,KFC,主食,套餐,Event,12-Aug-17,,203,186,193,193
华东,浙江,杭州,宁波DC,劲脆鸡腿堡,KFC,主食,套餐,Event,13-Aug-17,,157,138,145,145
华东,浙江,杭州,宁波DC,劲脆鸡腿堡,KFC,主食,套餐,Event,14-Aug-17,,190,184,194,194
华东,浙江,杭州,宁波DC,劲脆鸡腿堡,KFC,主食,套餐,Event,15-Aug-17,,217,209,215,215
华东,浙江,杭州,宁波DC,劲脆鸡腿堡,KFC,主食,套餐,Event,16-Aug-17,,144,139,144,144
华东,浙江,杭州,宁波DC,劲脆鸡腿堡,KFC,主食,套餐,Event,17-Aug-17,,150,130,138,138
华东,浙江,杭州,宁波DC,劲脆鸡腿堡,KFC,主食,套餐,Event,18-Aug-17,,203,194,201,201
华东,浙江,杭州,宁波DC,劲脆鸡腿堡,KFC,主食,套餐,Event,19-Aug-17,,135,120,130,130
华东,浙江,杭州,宁波DC,劲脆鸡腿堡,KFC,主食,套餐,Event,20-Aug-17,,148,140,150,150
华东,浙江,杭州,宁波DC,劲脆鸡腿堡,KFC,主食,套餐,Event,21-Aug-17,,225,219,225,225
华东,浙江,杭州,宁波DC,劲脆鸡腿堡,KFC,主食,套餐,Event,22-Aug-17,,158,150,159,159
华东,浙江,杭州,宁波DC,劲脆鸡腿堡,KFC,主食,套餐,Event,23-Aug-17,,193,180,186,186
华东,浙江,杭州,宁波DC,劲脆鸡腿堡,KFC,主食,套餐,Event,24-Aug-17,,174,160,166,166
华东,浙江,杭州,宁波DC,劲脆鸡腿堡,KFC,主食,套餐,Event,25-Aug-17,,153,143,152,152
华东,浙江,杭州,宁波DC,劲脆鸡腿堡,KFC,主食,套餐,Event,26-Aug-17,,193,173,178,178
华东,浙江,杭州,宁波DC,劲脆鸡腿堡,KFC,主食,套餐,Event,27-Aug-17,,190,180,189,189
华东,浙江,杭州,宁波DC,劲脆鸡腿堡,KFC,主食,套餐,Event,28-Aug-17,,171,160,169,169
华东,浙江,杭州,宁波DC,劲脆鸡腿堡,KFC,主食,套餐,Event,29-Aug-17,,149,136,141,141
华东,浙江,杭州,宁波DC,劲脆鸡腿堡,KFC,主食,套餐,Event,30-Aug-17,,172,163,171,171
华东,浙江,杭州,宁波DC,劲脆鸡腿堡,KFC,主食,套餐,Event,31-Aug-17,,200,185,194,194
华东,浙江,杭州,宁波DC,劲脆鸡腿堡,KFC,主食,套餐,Event,1-Sep-17,,142,135,141,141
华东,浙江,杭州,宁波DC,劲脆鸡腿堡,KFC,主食,套餐,Event,2-Sep-17,,178,172,177,177
华东,浙江,杭州,宁波DC,劲脆鸡腿堡,KFC,主食,套餐,Event,3-Sep-17,,153,145,153,153
华东,浙江,杭州,宁波DC,劲脆鸡腿堡,KFC,主食,套餐,Event,4-Sep-17,,184,179,184,184
华东,浙江,杭州,宁波DC,劲脆鸡腿堡,KFC,主食,套餐,Event,5-Sep-17,,219,207,214,214
华东,浙江,杭州,宁波DC,劲脆鸡腿堡,KFC,主食,套餐,Event,6-Sep-17,,169,159,165,165
华东,浙江,杭州,宁波DC,劲脆鸡腿堡,KFC,主食,套餐,Event,7-Sep-17,,136,121,127,127
华东,浙江,杭州,宁波DC,劲脆鸡腿堡,KFC,主食,套餐,Event,8-Sep-17,,185,171,178,178
华东,浙江,杭州,宁波DC,劲脆鸡腿堡,KFC,主食,套餐,Event,9-Sep-17,,172,159,166,166
华东,浙江,杭州,宁波DC,劲脆鸡腿堡,KFC,主食,套餐,Event,10-Sep-17,,175,155,163,163
华东,浙江,杭州,宁波DC,劲脆鸡腿堡,KFC,主食,套餐,Event,11-Sep-17,,193,182,188,188
华东,浙江,杭州,宁波DC,劲脆鸡腿堡,KFC,主食,套餐,Event,12-Sep-17,,203,196,205,205
华东,浙江,杭州,宁波DC,劲脆鸡腿堡,KFC,主食,套餐,Event,13-Sep-17,,213,201,210,210
华东,浙江,杭州,宁波DC,劲脆鸡腿堡,KFC,主食,套餐,Event,14-Sep-17,,147,137,146,146
华东,浙江,杭州,宁波DC,劲脆鸡腿堡,KFC,主食,套餐,Event,15-Sep-17,,198,182,189,189
华东,浙江,杭州,宁波DC,劲脆鸡腿堡,KFC,主食,套餐,Event,16-Sep-17,,212,192,199,199
华东,浙江,杭州,宁波DC,劲脆鸡腿堡,KFC,主食,套餐,Event,17-Sep-17,,159,146,153,153
华东,浙江,杭州,宁波DC,劲脆鸡腿堡,KFC,主食,套餐,Event,18-Sep-17,,175,165,172,172
华东,浙江,杭州,宁波DC,劲脆鸡腿堡,KFC,主食,套餐,Event,19-Sep-17,,191,181,191,191
华东,浙江,杭州,宁波DC,劲脆鸡腿堡,KFC,主食,套餐,Event,20-Sep-17,,156,139,146,146
华东,浙江,杭州,宁波DC,劲脆鸡腿堡,KFC,主食,套餐,Event,21-Sep-17,,225,218,223,223
华东,浙江,杭州,宁波DC,劲脆鸡腿堡,KFC,主食,套餐,Event,22-Sep-17,,184,165,173,173
华东,浙江,杭州,宁波DC,劲脆鸡腿堡,KFC,主食,套餐,Event,23-Sep-17,,170,153,163,163
华东,浙江,杭州,宁波DC,劲脆鸡腿堡,KFC,主食,套餐,Event,24-Sep-17,,199,188,196,196
华东,浙江,杭州,宁波DC,劲脆鸡腿堡,KFC,主食,套餐,Event,25-Sep-17,,151,135,141,141
华东,浙江,杭州,宁波DC,劲脆鸡腿堡,KFC,主食,套餐,Event,26-Sep-17,,140,134,141,141
华东,浙江,杭州,宁波DC,劲脆鸡腿堡,KFC,主食,套餐,Event,27-Sep-17,,166,155,163,163
华东,浙江,杭州,宁波DC,劲脆鸡腿堡,KFC,主食,套餐,Event,28-Sep-17,,186,179,188,188
华东,浙江,杭州,宁波DC,劲脆鸡腿堡,KFC,主食,套餐,Event,29-Sep-17,,192,181,186,186
华东,浙江,杭州,宁波DC,劲脆鸡腿堡,KFC,主食,套餐,Event,30-Sep-17,,150,131,139,139
华东,浙江,杭州,宁波DC,劲脆鸡腿堡,KFC,主食,套餐,Event,1-Oct-17,,176,157,165,165
华东,浙江,杭州,宁波DC,劲脆鸡腿堡,KFC,主食,套餐,Event,2-Oct-17,,177,160,169,169
华东,浙江,杭州,宁波DC,香辣鸡翅,KFC,小食,鸡肉类,Event,1-Jul-17,227,,,,
华东,浙江,杭州,宁波DC,香辣鸡翅,KFC,小食,鸡肉类,Event,2-Jul-17,225,,,,
华东,浙江,杭州,宁波DC,香辣鸡翅,KFC,小食,鸡肉类,Event,3-Jul-17,236,,,,
华东,浙江,杭州,宁波DC,香辣鸡翅,KFC,小食,鸡肉类,Event,4-Jul-17,155,,,,
华东,浙江,杭州,宁波DC,香辣鸡翅,KFC,小食,鸡肉类,Event,5-Jul-17,170,,,,
华东,浙江,杭州,宁波DC,香辣鸡翅,KFC,小食,鸡肉类,Event,6-Jul-17,232,,,,
华东,浙江,杭州,宁波DC,香辣鸡翅,KFC,小食,鸡肉类,Event,7-Jul-17,239,,,,
华东,浙江,杭州,宁波DC,香辣鸡翅,KFC,小食,鸡肉类,Event,8-Jul-17,177,,,,
华东,浙江,杭州,宁波DC,香辣鸡翅,KFC,小食,鸡肉类,Event,9-Jul-17,242,,,,
华东,浙江,杭州,宁波DC,香辣鸡翅,KFC,小食,鸡肉类,Event,10-Jul-17,,224,200,215,215
华东,浙江,杭州,宁波DC,香辣鸡翅,KFC,小食,鸡肉类,Event,11-Jul-17,,164,152,160,160
华东,浙江,杭州,宁波DC,香辣鸡翅,KFC,小食,鸡肉类,Event,12-Jul-17,,182,175,184,184
华东,浙江,杭州,宁波DC,香辣鸡翅,KFC,小食,鸡肉类,Event,13-Jul-17,,149,130,139,139
华东,浙江,杭州,宁波DC,香辣鸡翅,KFC,小食,鸡肉类,Event,14-Jul-17,,169,156,162,162
华东,浙江,杭州,宁波DC,香辣鸡翅,KFC,小食,鸡肉类,Event,15-Jul-17,,203,184,191,191
华东,浙江,杭州,宁波DC,香辣鸡翅,KFC,小食,鸡肉类,Event,16-Jul-17,,196,191,199,199
华东,浙江,杭州,宁波DC,香辣鸡翅,KFC,小食,鸡肉类,Event,17-Jul-17,,140,134,143,143
华东,浙江,杭州,宁波DC,香辣鸡翅,KFC,小食,鸡肉类,Event,18-Jul-17,,186,166,176,176
华东,浙江,杭州,宁波DC,香辣鸡翅,KFC,小食,鸡肉类,Event,19-Jul-17,,213,208,214,214
华东,浙江,杭州,宁波DC,香辣鸡翅,KFC,小食,鸡肉类,Event,20-Jul-17,,141,123,129,129
华东,浙江,杭州,宁波DC,香辣鸡翅,KFC,小食,鸡肉类,Event,21-Jul-17,,173,160,169,169
华东,浙江,杭州,宁波DC,香辣鸡翅,KFC,小食,鸡肉类,Event,22-Jul-17,,221,214,221,221
华东,浙江,杭州,宁波DC,香辣鸡翅,KFC,小食,鸡肉类,Event,23-Jul-17,,203,183,192,192
华东,浙江,杭州,宁波DC,香辣鸡翅,KFC,小食,鸡肉类,Event,24-Jul-17,,152,144,149,149
华东,浙江,杭州,宁波DC,香辣鸡翅,KFC,小食,鸡肉类,Event,25-Jul-17,,181,171,180,180
华东,浙江,杭州,宁波DC,香辣鸡翅,KFC,小食,鸡肉类,Event,26-Jul-17,,204,199,204,204
华东,浙江,杭州,宁波DC,香辣鸡翅,KFC,小食,鸡肉类,Event,27-Jul-17,,203,187,192,192
华东,浙江,杭州,宁波DC,香辣鸡翅,KFC,小食,鸡肉类,Event,28-Jul-17,,154,148,156,156
华东,浙江,杭州,宁波DC,香辣鸡翅,KFC,小食,鸡肉类,Event,29-Jul-17,,221,201,210,210
华东,浙江,杭州,宁波DC,香辣鸡翅,KFC,小食,鸡肉类,Event,30-Jul-17,,174,154,163,163
华东,浙江,杭州,宁波DC,香辣鸡翅,KFC,小食,鸡肉类,Event,31-Jul-17,,214,195,203,203
华东,浙江,杭州,宁波DC,香辣鸡翅,KFC,小食,鸡肉类,Event,1-Aug-17,,208,195,200,200
华东,浙江,杭州,宁波DC,香辣鸡翅,KFC,小食,鸡肉类,Event,2-Aug-17,,184,166,171,171
华东,浙江,杭州,宁波DC,香辣鸡翅,KFC,小食,鸡肉类,Event,3-Aug-17,,194,179,189,189
华东,浙江,杭州,宁波DC,香辣鸡翅,KFC,小食,鸡肉类,Event,4-Aug-17,,222,204,214,214
华东,浙江,杭州,宁波DC,香辣鸡翅,KFC,小食,鸡肉类,Event,5-Aug-17,,220,213,219,219
华东,浙江,杭州,宁波DC,香辣鸡翅,KFC,小食,鸡肉类,Event,6-Aug-17,,209,201,208,208
华东,浙江,杭州,宁波DC,香辣鸡翅,KFC,小食,鸡肉类,Event,7-Aug-17,,176,158,167,167
华东,浙江,杭州,宁波DC,香辣鸡翅,KFC,小食,鸡肉类,Event,8-Aug-17,,191,173,183,183
华东,浙江,杭州,宁波DC,香辣鸡翅,KFC,小食,鸡肉类,Event,9-Aug-17,,212,194,204,204
华东,浙江,杭州,宁波DC,香辣鸡翅,KFC,小食,鸡肉类,Event,10-Aug-17,,211,192,197,197
华东,浙江,杭州,宁波DC,香辣鸡翅,KFC,小食,鸡肉类,Event,11-Aug-17,,194,189,199,199
华东,浙江,杭州,宁波DC,香辣鸡翅,KFC,小食,鸡肉类,Event,12-Aug-17,,203,186,193,193
华东,浙江,杭州,宁波DC,香辣鸡翅,KFC,小食,鸡肉类,Event,13-Aug-17,,157,138,145,145
华东,浙江,杭州,宁波DC,香辣鸡翅,KFC,小食,鸡肉类,Event,14-Aug-17,,190,184,194,194
华东,浙江,杭州,宁波DC,香辣鸡翅,KFC,小食,鸡肉类,Event,15-Aug-17,,217,209,215,215
华东,浙江,杭州,宁波DC,香辣鸡翅,KFC,小食,鸡肉类,Event,16-Aug-17,,144,139,144,144
华东,浙江,杭州,宁波DC,香辣鸡翅,KFC,小食,鸡肉类,Event,17-Aug-17,,150,130,138,138
华东,浙江,杭州,宁波DC,香辣鸡翅,KFC,小食,鸡肉类,Event,18-Aug-17,,203,194,201,201
华东,浙江,杭州,宁波DC,香辣鸡翅,KFC,小食,鸡肉类,Event,19-Aug-17,,135,120,130,130
华东,浙江,杭州,宁波DC,香辣鸡翅,KFC,小食,鸡肉类,Event,20-Aug-17,,148,140,150,150
华东,浙江,杭州,宁波DC,香辣鸡翅,KFC,小食,鸡肉类,Event,21-Aug-17,,225,219,225,225
华东,浙江,杭州,宁波DC,香辣鸡翅,KFC,小食,鸡肉类,Event,22-Aug-17,,158,150,159,159
华东,浙江,杭州,宁波DC,香辣鸡翅,KFC,小食,鸡肉类,Event,23-Aug-17,,193,180,186,186
华东,浙江,杭州,宁波DC,香辣鸡翅,KFC,小食,鸡肉类,Event,24-Aug-17,,174,160,166,166
华东,浙江,杭州,宁波DC,香辣鸡翅,KFC,小食,鸡肉类,Event,25-Aug-17,,153,143,152,152
华东,浙江,杭州,宁波DC,香辣鸡翅,KFC,小食,鸡肉类,Event,26-Aug-17,,193,173,178,178
华东,浙江,杭州,宁波DC,香辣鸡翅,KFC,小食,鸡肉类,Event,27-Aug-17,,190,180,189,189
华东,浙江,杭州,宁波DC,香辣鸡翅,KFC,小食,鸡肉类,Event,28-Aug-17,,171,160,169,169
华东,浙江,杭州,宁波DC,香辣鸡翅,KFC,小食,鸡肉类,Event,29-Aug-17,,149,136,141,141
华东,浙江,杭州,宁波DC,香辣鸡翅,KFC,小食,鸡肉类,Event,30-Aug-17,,172,163,171,171
华东,浙江,杭州,宁波DC,香辣鸡翅,KFC,小食,鸡肉类,Event,31-Aug-17,,200,185,194,194
华东,浙江,杭州,宁波DC,香辣鸡翅,KFC,小食,鸡肉类,Event,1-Sep-17,,142,135,141,141
华东,浙江,杭州,宁波DC,香辣鸡翅,KFC,小食,鸡肉类,Event,2-Sep-17,,178,172,177,177
华东,浙江,杭州,宁波DC,香辣鸡翅,KFC,小食,鸡肉类,Event,3-Sep-17,,153,145,153,153
华东,浙江,杭州,宁波DC,香辣鸡翅,KFC,小食,鸡肉类,Event,4-Sep-17,,184,179,184,184
华东,浙江,杭州,宁波DC,香辣鸡翅,KFC,小食,鸡肉类,Event,5-Sep-17,,219,207,214,214
华东,浙江,杭州,宁波DC,香辣鸡翅,KFC,小食,鸡肉类,Event,6-Sep-17,,169,159,165,165
华东,浙江,杭州,宁波DC,香辣鸡翅,KFC,小食,鸡肉类,Event,7-Sep-17,,136,121,127,127
华东,浙江,杭州,宁波DC,香辣鸡翅,KFC,小食,鸡肉类,Event,8-Sep-17,,185,171,178,178
华东,浙江,杭州,宁波DC,香辣鸡翅,KFC,小食,鸡肉类,Event,9-Sep-17,,172,159,166,166
华东,浙江,杭州,宁波DC,香辣鸡翅,KFC,小食,鸡肉类,Event,10-Sep-17,,175,155,163,163
华东,浙江,杭州,宁波DC,香辣鸡翅,KFC,小食,鸡肉类,Event,11-Sep-17,,193,182,188,188
华东,浙江,杭州,宁波DC,香辣鸡翅,KFC,小食,鸡肉类,Event,12-Sep-17,,203,196,205,205
华东,浙江,杭州,宁波DC,香辣鸡翅,KFC,小食,鸡肉类,Event,13-Sep-17,,213,201,210,210
华东,浙江,杭州,宁波DC,香辣鸡翅,KFC,小食,鸡肉类,Event,14-Sep-17,,147,137,146,146
华东,浙江,杭州,宁波DC,香辣鸡翅,KFC,小食,鸡肉类,Event,15-Sep-17,,198,182,189,189
华东,浙江,杭州,宁波DC,香辣鸡翅,KFC,小食,鸡肉类,Event,16-Sep-17,,212,192,199,199
华东,浙江,杭州,宁波DC,香辣鸡翅,KFC,小食,鸡肉类,Event,17-Sep-17,,159,146,153,153
华东,浙江,杭州,宁波DC,香辣鸡翅,KFC,小食,鸡肉类,Event,18-Sep-17,,175,165,172,172
华东,浙江,杭州,宁波DC,香辣鸡翅,KFC,小食,鸡肉类,Event,19-Sep-17,,191,181,191,191
华东,浙江,杭州,宁波DC,香辣鸡翅,KFC,小食,鸡肉类,Event,20-Sep-17,,156,139,146,146
华东,浙江,杭州,宁波DC,香辣鸡翅,KFC,小食,鸡肉类,Event,21-Sep-17,,225,218,223,223
华东,浙江,杭州,宁波DC,香辣鸡翅,KFC,小食,鸡肉类,Event,22-Sep-17,,184,165,173,173
华东,浙江,杭州,宁波DC,香辣鸡翅,KFC,小食,鸡肉类,Event,23-Sep-17,,170,153,163,163
华东,浙江,杭州,宁波DC,香辣鸡翅,KFC,小食,鸡肉类,Event,24-Sep-17,,199,188,196,196
华东,浙江,杭州,宁波DC,香辣鸡翅,KFC,小食,鸡肉类,Event,25-Sep-17,,151,135,141,141
华东,浙江,杭州,宁波DC,香辣鸡翅,KFC,小食,鸡肉类,Event,26-Sep-17,,140,134,141,141
华东,浙江,杭州,宁波DC,香辣鸡翅,KFC,小食,鸡肉类,Event,27-Sep-17,,166,155,163,163
华东,浙江,杭州,宁波DC,香辣鸡翅,KFC,小食,鸡肉类,Event,28-Sep-17,,186,179,188,188
华东,浙江,杭州,宁波DC,香辣鸡翅,KFC,小食,鸡肉类,Event,29-Sep-17,,192,181,186,186
华东,浙江,杭州,宁波DC,香辣鸡翅,KFC,小食,鸡肉类,Event,30-Sep-17,,150,131,139,139
华东,浙江,杭州,宁波DC,香辣鸡翅,KFC,小食,鸡肉类,Event,1-Oct-17,,176,157,165,165
华东,浙江,杭州,宁波DC,香辣鸡翅,KFC,小食,鸡肉类,Event,2-Oct-17,,177,160,169,169
华东,浙江,杭州,宁波DC,薯条,KFC,配餐,油炸类,Event,1-Jul-17,227,,,,
华东,浙江,杭州,宁波DC,薯条,KFC,配餐,油炸类,Event,2-Jul-17,225,,,,
华东,浙江,杭州,宁波DC,薯条,KFC,配餐,油炸类,Event,3-Jul-17,236,,,,
华东,浙江,杭州,宁波DC,薯条,KFC,配餐,油炸类,Event,4-Jul-17,155,,,,
华东,浙江,杭州,宁波DC,薯条,KFC,配餐,油炸类,Event,5-Jul-17,170,,,,
华东,浙江,杭州,宁波DC,薯条,KFC,配餐,油炸类,Event,6-Jul-17,232,,,,
华东,浙江,杭州,宁波DC,薯条,KFC,配餐,油炸类,Event,7-Jul-17,239,,,,
华东,浙江,杭州,宁波DC,薯条,KFC,配餐,油炸类,Event,8-Jul-17,177,,,,
华东,浙江,杭州,宁波DC,薯条,KFC,配餐,油炸类,Event,9-Jul-17,242,,,,
华东,浙江,杭州,宁波DC,薯条,KFC,配餐,油炸类,Event,10-Jul-17,,224,200,215,215
华东,浙江,杭州,宁波DC,薯条,KFC,配餐,油炸类,Event,11-Jul-17,,164,152,160,160
华东,浙江,杭州,宁波DC,薯条,KFC,配餐,油炸类,Event,12-Jul-17,,182,175,184,184
华东,浙江,杭州,宁波DC,薯条,KFC,配餐,油炸类,Event,13-Jul-17,,149,130,139,139
华东,浙江,杭州,宁波DC,薯条,KFC,配餐,油炸类,Event,14-Jul-17,,169,156,162,162
华东,浙江,杭州,宁波DC,薯条,KFC,配餐,油炸类,Event,15-Jul-17,,203,184,191,191
华东,浙江,杭州,宁波DC,薯条,KFC,配餐,油炸类,Event,16-Jul-17,,196,191,199,199
华东,浙江,杭州,宁波DC,薯条,KFC,配餐,油炸类,Event,17-Jul-17,,140,134,143,143
华东,浙江,杭州,宁波DC,薯条,KFC,配餐,油炸类,Event,18-Jul-17,,186,166,176,176
华东,浙江,杭州,宁波DC,薯条,KFC,配餐,油炸类,Event,19-Jul-17,,213,208,214,214
华东,浙江,杭州,宁波DC,薯条,KFC,配餐,油炸类,Event,20-Jul-17,,141,123,129,129
华东,浙江,杭州,宁波DC,薯条,KFC,配餐,油炸类,Event,21-Jul-17,,173,160,169,169
华东,浙江,杭州,宁波DC,薯条,KFC,配餐,油炸类,Event,22-Jul-17,,221,214,221,221
华东,浙江,杭州,宁波DC,薯条,KFC,配餐,油炸类,Event,23-Jul-17,,203,183,192,192
华东,浙江,杭州,宁波DC,薯条,KFC,配餐,油炸类,Event,24-Jul-17,,152,144,149,149
华东,浙江,杭州,宁波DC,薯条,KFC,配餐,油炸类,Event,25-Jul-17,,181,171,180,180
华东,浙江,杭州,宁波DC,薯条,KFC,配餐,油炸类,Event,26-Jul-17,,204,199,204,204
华东,浙江,杭州,宁波DC,薯条,KFC,配餐,油炸类,Event,27-Jul-17,,203,187,192,192
华东,浙江,杭州,宁波DC,薯条,KFC,配餐,油炸类,Event,28-Jul-17,,154,148,156,156
华东,浙江,杭州,宁波DC,薯条,KFC,配餐,油炸类,Event,29-Jul-17,,221,201,210,210
华东,浙江,杭州,宁波DC,薯条,KFC,配餐,油炸类,Event,30-Jul-17,,174,154,163,163
华东,浙江,杭州,宁波DC,薯条,KFC,配餐,油炸类,Event,31-Jul-17,,214,195,203,203
华东,浙江,杭州,宁波DC,薯条,KFC,配餐,油炸类,Event,1-Aug-17,,208,195,200,200
华东,浙江,杭州,宁波DC,薯条,KFC,配餐,油炸类,Event,2-Aug-17,,184,166,171,171
华东,浙江,杭州,宁波DC,薯条,KFC,配餐,油炸类,Event,3-Aug-17,,194,179,189,189
华东,浙江,杭州,宁波DC,薯条,KFC,配餐,油炸类,Event,4-Aug-17,,222,204,214,214
华东,浙江,杭州,宁波DC,薯条,KFC,配餐,油炸类,Event,5-Aug-17,,220,213,219,219
华东,浙江,杭州,宁波DC,薯条,KFC,配餐,油炸类,Event,6-Aug-17,,209,201,208,208
华东,浙江,杭州,宁波DC,薯条,KFC,配餐,油炸类,Event,7-Aug-17,,176,158,167,167
华东,浙江,杭州,宁波DC,薯条,KFC,配餐,油炸类,Event,8-Aug-17,,191,173,183,183
华东,浙江,杭州,宁波DC,薯条,KFC,配餐,油炸类,Event,9-Aug-17,,212,194,204,204
华东,浙江,杭州,宁波DC,薯条,KFC,配餐,油炸类,Event,10-Aug-17,,211,192,197,197
华东,浙江,杭州,宁波DC,薯条,KFC,配餐,油炸类,Event,11-Aug-17,,194,189,199,199
华东,浙江,杭州,宁波DC,薯条,KFC,配餐,油炸类,Event,12-Aug-17,,203,186,193,193
华东,浙江,杭州,宁波DC,薯条,KFC,配餐,油炸类,Event,13-Aug-17,,157,138,145,145
华东,浙江,杭州,宁波DC,薯条,KFC,配餐,油炸类,Event,14-Aug-17,,190,184,194,194
华东,浙江,杭州,宁波DC,薯条,KFC,配餐,油炸类,Event,15-Aug-17,,217,209,215,215
华东,浙江,杭州,宁波DC,薯条,KFC,配餐,油炸类,Event,16-Aug-17,,144,139,144,144
华东,浙江,杭州,宁波DC,薯条,KFC,配餐,油炸类,Event,17-Aug-17,,150,130,138,138
华东,浙江,杭州,宁波DC,薯条,KFC,配餐,油炸类,Event,18-Aug-17,,203,194,201,201
华东,浙江,杭州,宁波DC,薯条,KFC,配餐,油炸类,Event,19-Aug-17,,135,120,130,130
华东,浙江,杭州,宁波DC,薯条,KFC,配餐,油炸类,Event,20-Aug-17,,148,140,150,150
华东,浙江,杭州,宁波DC,薯条,KFC,配餐,油炸类,Event,21-Aug-17,,225,219,225,225
华东,浙江,杭州,宁波DC,薯条,KFC,配餐,油炸类,Event,22-Aug-17,,158,150,159,159
华东,浙江,杭州,宁波DC,薯条,KFC,配餐,油炸类,Event,23-Aug-17,,193,180,186,186
华东,浙江,杭州,宁波DC,薯条,KFC,配餐,油炸类,Event,24-Aug-17,,174,160,166,166
华东,浙江,杭州,宁波DC,薯条,KFC,配餐,油炸类,Event,25-Aug-17,,153,143,152,152
华东,浙江,杭州,宁波DC,薯条,KFC,配餐,油炸类,Event,26-Aug-17,,193,173,178,178
华东,浙江,杭州,宁波DC,薯条,KFC,配餐,油炸类,Event,27-Aug-17,,190,180,189,189
华东,浙江,杭州,宁波DC,薯条,KFC,配餐,油炸类,Event,28-Aug-17,,171,160,169,169
华东,浙江,杭州,宁波DC,薯条,KFC,配餐,油炸类,Event,29-Aug-17,,149,136,141,141
华东,浙江,杭州,宁波DC,薯条,KFC,配餐,油炸类,Event,30-Aug-17,,172,163,171,171
华东,浙江,杭州,宁波DC,薯条,KFC,配餐,油炸类,Event,31-Aug-17,,200,185,194,194
华东,浙江,杭州,宁波DC,薯条,KFC,配餐,油炸类,Event,1-Sep-17,,142,135,141,141
华东,浙江,杭州,宁波DC,薯条,KFC,配餐,油炸类,Event,2-Sep-17,,178,172,177,177
华东,浙江,杭州,宁波DC,薯条,KFC,配餐,油炸类,Event,3-Sep-17,,153,145,153,153
华东,浙江,杭州,宁波DC,薯条,KFC,配餐,油炸类,Event,4-Sep-17,,184,179,184,184
华东,浙江,杭州,宁波DC,薯条,KFC,配餐,油炸类,Event,5-Sep-17,,219,207,214,214
华东,浙江,杭州,宁波DC,薯条,KFC,配餐,油炸类,Event,6-Sep-17,,169,159,165,165
华东,浙江,杭州,宁波DC,薯条,KFC,配餐,油炸类,Event,7-Sep-17,,136,121,127,127
华东,浙江,杭州,宁波DC,薯条,KFC,配餐,油炸类,Event,8-Sep-17,,185,171,178,178
华东,浙江,杭州,宁波DC,薯条,KFC,配餐,油炸类,Event,9-Sep-17,,172,159,166,166
华东,浙江,杭州,宁波DC,薯条,KFC,配餐,油炸类,Event,10-Sep-17,,175,155,163,163
华东,浙江,杭州,宁波DC,薯条,KFC,配餐,油炸类,Event,11-Sep-17,,193,182,188,188
华东,浙江,杭州,宁波DC,薯条,KFC,配餐,油炸类,Event,12-Sep-17,,203,196,205,205
华东,浙江,杭州,宁波DC,薯条,KFC,配餐,油炸类,Event,13-Sep-17,,213,201,210,210
华东,浙江,杭州,宁波DC,薯条,KFC,配餐,油炸类,Event,14-Sep-17,,147,137,146,146
华东,浙江,杭州,宁波DC,薯条,KFC,配餐,油炸类,Event,15-Sep-17,,198,182,189,189
华东,浙江,杭州,宁波DC,薯条,KFC,配餐,油炸类,Event,16-Sep-17,,212,192,199,199
华东,浙江,杭州,宁波DC,薯条,KFC,配餐,油炸类,Event,17-Sep-17,,159,146,153,153
华东,浙江,杭州,宁波DC,薯条,KFC,配餐,油炸类,Event,18-Sep-17,,175,165,172,172
华东,浙江,杭州,宁波DC,薯条,KFC,配餐,油炸类,Event,19-Sep-17,,191,181,191,191
华东,浙江,杭州,宁波DC,薯条,KFC,配餐,油炸类,Event,20-Sep-17,,156,139,146,146
华东,浙江,杭州,宁波DC,薯条,KFC,配餐,油炸类,Event,21-Sep-17,,225,218,223,223
华东,浙江,杭州,宁波DC,薯条,KFC,配餐,油炸类,Event,22-Sep-17,,184,165,173,173
华东,浙江,杭州,宁波DC,薯条,KFC,配餐,油炸类,Event,23-Sep-17,,170,153,163,163
华东,浙江,杭州,宁波DC,薯条,KFC,配餐,油炸类,Event,24-Sep-17,,199,188,196,196
华东,浙江,杭州,宁波DC,薯条,KFC,配餐,油炸类,Event,25-Sep-17,,151,135,141,141
华东,浙江,杭州,宁波DC,薯条,KFC,配餐,油炸类,Event,26-Sep-17,,140,134,141,141
华东,浙江,杭州,宁波DC,薯条,KFC,配餐,油炸类,Event,27-Sep-17,,166,155,163,163
华东,浙江,杭州,宁波DC,薯条,KFC,配餐,油炸类,Event,28-Sep-17,,186,179,188,188
华东,浙江,杭州,宁波DC,薯条,KFC,配餐,油炸类,Event,29-Sep-17,,192,181,186,186
华东,浙江,杭州,宁波DC,薯条,KFC,配餐,油炸类,Event,30-Sep-17,,150,131,139,139
华东,浙江,杭州,宁波DC,薯条,KFC,配餐,油炸类,Event,1-Oct-17,,176,157,165,165
华东,浙江,杭州,宁波DC,薯条,KFC,配餐,油炸类,Event,2-Oct-17,,177,160,169,169
华东,浙江,杭州,宁波DC,薯条,KFC,早餐,皮蛋瘦肉粥,Event,1-Jul-17,227,,,,
华东,浙江,杭州,宁波DC,薯条,KFC,早餐,皮蛋瘦肉粥,Event,2-Jul-17,225,,,,
华东,浙江,杭州,宁波DC,薯条,KFC,早餐,皮蛋瘦肉粥,Event,3-Jul-17,236,,,,
华东,浙江,杭州,宁波DC,薯条,KFC,早餐,皮蛋瘦肉粥,Event,4-Jul-17,155,,,,
华东,浙江,杭州,宁波DC,薯条,KFC,早餐,皮蛋瘦肉粥,Event,5-Jul-17,170,,,,
华东,浙江,杭州,宁波DC,薯条,KFC,早餐,皮蛋瘦肉粥,Event,6-Jul-17,232,,,,
华东,浙江,杭州,宁波DC,薯条,KFC,早餐,皮蛋瘦肉粥,Event,7-Jul-17,239,,,,
华东,浙江,杭州,宁波DC,薯条,KFC,早餐,皮蛋瘦肉粥,Event,8-Jul-17,177,,,,
华东,浙江,杭州,宁波DC,薯条,KFC,早餐,皮蛋瘦肉粥,Event,9-Jul-17,242,,,,
华东,浙江,杭州,宁波DC,薯条,KFC,早餐,皮蛋瘦肉粥,Event,10-Jul-17,,224,200,215,215
华东,浙江,杭州,宁波DC,薯条,KFC,早餐,皮蛋瘦肉粥,Event,11-Jul-17,,164,152,160,160
华东,浙江,杭州,宁波DC,薯条,KFC,早餐,皮蛋瘦肉粥,Event,12-Jul-17,,182,175,184,184
华东,浙江,杭州,宁波DC,薯条,KFC,早餐,皮蛋瘦肉粥,Event,13-Jul-17,,149,130,139,139
华东,浙江,杭州,宁波DC,薯条,KFC,早餐,皮蛋瘦肉粥,Event,14-Jul-17,,169,156,162,162
华东,浙江,杭州,宁波DC,薯条,KFC,早餐,皮蛋瘦肉粥,Event,15-Jul-17,,203,184,191,191
华东,浙江,杭州,宁波DC,薯条,KFC,早餐,皮蛋瘦肉粥,Event,16-Jul-17,,196,191,199,199
华东,浙江,杭州,宁波DC,薯条,KFC,早餐,皮蛋瘦肉粥,Event,17-Jul-17,,140,134,143,143
华东,浙江,杭州,宁波DC,薯条,KFC,早餐,皮蛋瘦肉粥,Event,18-Jul-17,,186,166,176,176
华东,浙江,杭州,宁波DC,薯条,KFC,早餐,皮蛋瘦肉粥,Event,19-Jul-17,,213,208,214,214
华东,浙江,杭州,宁波DC,薯条,KFC,早餐,皮蛋瘦肉粥,Event,20-Jul-17,,141,123,129,129
华东,浙江,杭州,宁波DC,薯条,KFC,早餐,皮蛋瘦肉粥,Event,21-Jul-17,,173,160,169,169
华东,浙江,杭州,宁波DC,薯条,KFC,早餐,皮蛋瘦肉粥,Event,22-Jul-17,,221,214,221,221
华东,浙江,杭州,宁波DC,薯条,KFC,早餐,皮蛋瘦肉粥,Event,23-Jul-17,,203,183,192,192
华东,浙江,杭州,宁波DC,薯条,KFC,早餐,皮蛋瘦肉粥,Event,24-Jul-17,,152,144,149,149
华东,浙江,杭州,宁波DC,薯条,KFC,早餐,皮蛋瘦肉粥,Event,25-Jul-17,,181,171,180,180
华东,浙江,杭州,宁波DC,薯条,KFC,早餐,皮蛋瘦肉粥,Event,26-Jul-17,,204,199,204,204
华东,浙江,杭州,宁波DC,薯条,KFC,早餐,皮蛋瘦肉粥,Event,27-Jul-17,,203,187,192,192
华东,浙江,杭州,宁波DC,薯条,KFC,早餐,皮蛋瘦肉粥,Event,28-Jul-17,,154,148,156,156
华东,浙江,杭州,宁波DC,薯条,KFC,早餐,皮蛋瘦肉粥,Event,29-Jul-17,,221,201,210,210
华东,浙江,杭州,宁波DC,薯条,KFC,早餐,皮蛋瘦肉粥,Event,30-Jul-17,,174,154,163,163
华东,浙江,杭州,宁波DC,薯条,KFC,早餐,皮蛋瘦肉粥,Event,31-Jul-17,,214,195,203,203
华东,浙江,杭州,宁波DC,薯条,KFC,早餐,皮蛋瘦肉粥,Event,1-Aug-17,,208,195,200,200
华东,浙江,杭州,宁波DC,薯条,KFC,早餐,皮蛋瘦肉粥,Event,2-Aug-17,,184,166,171,171
华东,浙江,杭州,宁波DC,薯条,KFC,早餐,皮蛋瘦肉粥,Event,3-Aug-17,,194,179,189,189
华东,浙江,杭州,宁波DC,薯条,KFC,早餐,皮蛋瘦肉粥,Event,4-Aug-17,,222,204,214,214
华东,浙江,杭州,宁波DC,薯条,KFC,早餐,皮蛋瘦肉粥,Event,5-Aug-17,,220,213,219,219
华东,浙江,杭州,宁波DC,薯条,KFC,早餐,皮蛋瘦肉粥,Event,6-Aug-17,,209,201,208,208
华东,浙江,杭州,宁波DC,薯条,KFC,早餐,皮蛋瘦肉粥,Event,7-Aug-17,,176,158,167,167
华东,浙江,杭州,宁波DC,薯条,KFC,早餐,皮蛋瘦肉粥,Event,8-Aug-17,,191,173,183,183
华东,浙江,杭州,宁波DC,薯条,KFC,早餐,皮蛋瘦肉粥,Event,9-Aug-17,,212,194,204,204
华东,浙江,杭州,宁波DC,薯条,KFC,早餐,皮蛋瘦肉粥,Event,10-Aug-17,,211,192,197,197
华东,浙江,杭州,宁波DC,薯条,KFC,早餐,皮蛋瘦肉粥,Event,11-Aug-17,,194,189,199,199
华东,浙江,杭州,宁波DC,薯条,KFC,早餐,皮蛋瘦肉粥,Event,12-Aug-17,,203,186,193,193
华东,浙江,杭州,宁波DC,薯条,KFC,早餐,皮蛋瘦肉粥,Event,13-Aug-17,,157,138,145,145
华东,浙江,杭州,宁波DC,薯条,KFC,早餐,皮蛋瘦肉粥,Event,14-Aug-17,,190,184,194,194
华东,浙江,杭州,宁波DC,薯条,KFC,早餐,皮蛋瘦肉粥,Event,15-Aug-17,,217,209,215,215
华东,浙江,杭州,宁波DC,薯条,KFC,早餐,皮蛋瘦肉粥,Event,16-Aug-17,,144,139,144,144
华东,浙江,杭州,宁波DC,薯条,KFC,早餐,皮蛋瘦肉粥,Event,17-Aug-17,,150,130,138,138
华东,浙江,杭州,宁波DC,薯条,KFC,早餐,皮蛋瘦肉粥,Event,18-Aug-17,,203,194,201,201
华东,浙江,杭州,宁波DC,薯条,KFC,早餐,皮蛋瘦肉粥,Event,19-Aug-17,,135,120,130,130
华东,浙江,杭州,宁波DC,薯条,KFC,早餐,皮蛋瘦肉粥,Event,20-Aug-17,,148,140,150,150
华东,浙江,杭州,宁波DC,薯条,KFC,早餐,皮蛋瘦肉粥,Event,21-Aug-17,,225,219,225,225
华东,浙江,杭州,宁波DC,薯条,KFC,早餐,皮蛋瘦肉粥,Event,22-Aug-17,,158,150,159,159
华东,浙江,杭州,宁波DC,薯条,KFC,早餐,皮蛋瘦肉粥,Event,23-Aug-17,,193,180,186,186
华东,浙江,杭州,宁波DC,薯条,KFC,早餐,皮蛋瘦肉粥,Event,24-Aug-17,,174,160,166,166
华东,浙江,杭州,宁波DC,薯条,KFC,早餐,皮蛋瘦肉粥,Event,25-Aug-17,,153,143,152,152
华东,浙江,杭州,宁波DC,薯条,KFC,早餐,皮蛋瘦肉粥,Event,26-Aug-17,,193,173,178,178
华东,浙江,杭州,宁波DC,薯条,KFC,早餐,皮蛋瘦肉粥,Event,27-Aug-17,,190,180,189,189
华东,浙江,杭州,宁波DC,薯条,KFC,早餐,皮蛋瘦肉粥,Event,28-Aug-17,,171,160,169,169
华东,浙江,杭州,宁波DC,薯条,KFC,早餐,皮蛋瘦肉粥,Event,29-Aug-17,,149,136,141,141
华东,浙江,杭州,宁波DC,薯条,KFC,早餐,皮蛋瘦肉粥,Event,30-Aug-17,,172,163,171,171
华东,浙江,杭州,宁波DC,薯条,KFC,早餐,皮蛋瘦肉粥,Event,31-Aug-17,,200,185,194,194
华东,浙江,杭州,宁波DC,薯条,KFC,早餐,皮蛋瘦肉粥,Event,1-Sep-17,,142,135,141,141
华东,浙江,杭州,宁波DC,薯条,KFC,早餐,皮蛋瘦肉粥,Event,2-Sep-17,,178,172,177,177
华东,浙江,杭州,宁波DC,薯条,KFC,早餐,皮蛋瘦肉粥,Event,3-Sep-17,,153,145,153,153
华东,浙江,杭州,宁波DC,薯条,KFC,早餐,皮蛋瘦肉粥,Event,4-Sep-17,,184,179,184,184
华东,浙江,杭州,宁波DC,薯条,KFC,早餐,皮蛋瘦肉粥,Event,5-Sep-17,,219,207,214,214
华东,浙江,杭州,宁波DC,薯条,KFC,早餐,皮蛋瘦肉粥,Event,6-Sep-17,,169,159,165,165
华东,浙江,杭州,宁波DC,薯条,KFC,早餐,皮蛋瘦肉粥,Event,7-Sep-17,,136,121,127,127
华东,浙江,杭州,宁波DC,薯条,KFC,早餐,皮蛋瘦肉粥,Event,8-Sep-17,,185,171,178,178
华东,浙江,杭州,宁波DC,薯条,KFC,早餐,皮蛋瘦肉粥,Event,9-Sep-17,,172,159,166,166
华东,浙江,杭州,宁波DC,薯条,KFC,早餐,皮蛋瘦肉粥,Event,10-Sep-17,,175,155,163,163
华东,浙江,杭州,宁波DC,薯条,KFC,早餐,皮蛋瘦肉粥,Event,11-Sep-17,,193,182,188,188
华东,浙江,杭州,宁波DC,薯条,KFC,早餐,皮蛋瘦肉粥,Event,12-Sep-17,,203,196,205,205
华东,浙江,杭州,宁波DC,薯条,KFC,早餐,皮蛋瘦肉粥,Event,13-Sep-17,,213,201,210,210
华东,浙江,杭州,宁波DC,薯条,KFC,早餐,皮蛋瘦肉粥,Event,14-Sep-17,,147,137,146,146
华东,浙江,杭州,宁波DC,薯条,KFC,早餐,皮蛋瘦肉粥,Event,15-Sep-17,,198,182,189,189
华东,浙江,杭州,宁波DC,薯条,KFC,早餐,皮蛋瘦肉粥,Event,16-Sep-17,,212,192,199,199
华东,浙江,杭州,宁波DC,薯条,KFC,早餐,皮蛋瘦肉粥,Event,17-Sep-17,,159,146,153,153
华东,浙江,杭州,宁波DC,薯条,KFC,早餐,皮蛋瘦肉粥,Event,18-Sep-17,,175,165,172,172
华东,浙江,杭州,宁波DC,薯条,KFC,早餐,皮蛋瘦肉粥,Event,19-Sep-17,,191,181,191,191
华东,浙江,杭州,宁波DC,薯条,KFC,早餐,皮蛋瘦肉粥,Event,20-Sep-17,,156,139,146,146
华东,浙江,杭州,宁波DC,薯条,KFC,早餐,皮蛋瘦肉粥,Event,21-Sep-17,,225,218,223,223
华东,浙江,杭州,宁波DC,薯条,KFC,早餐,皮蛋瘦肉粥,Event,22-Sep-17,,184,165,173,173
华东,浙江,杭州,宁波DC,薯条,KFC,早餐,皮蛋瘦肉粥,Event,23-Sep-17,,170,153,163,163
华东,浙江,杭州,宁波DC,薯条,KFC,早餐,皮蛋瘦肉粥,Event,24-Sep-17,,199,188,196,196
华东,浙江,杭州,宁波DC,薯条,KFC,早餐,皮蛋瘦肉粥,Event,25-Sep-17,,151,135,141,141
华东,浙江,杭州,宁波DC,薯条,KFC,早餐,皮蛋瘦肉粥,Event,26-Sep-17,,140,134,141,141
华东,浙江,杭州,宁波DC,薯条,KFC,早餐,皮蛋瘦肉粥,Event,27-Sep-17,,166,155,163,163
华东,浙江,杭州,宁波DC,薯条,KFC,早餐,皮蛋瘦肉粥,Event,28-Sep-17,,186,179,188,188
华东,浙江,杭州,宁波DC,薯条,KFC,早餐,皮蛋瘦肉粥,Event,29-Sep-17,,192,181,186,186
华东,浙江,杭州,宁波DC,薯条,KFC,早餐,皮蛋瘦肉粥,Event,30-Sep-17,,150,131,139,139
华东,浙江,杭州,宁波DC,薯条,KFC,早餐,皮蛋瘦肉粥,Event,1-Oct-17,,176,157,165,165
华东,浙江,杭州,宁波DC,薯条,KFC,早餐,皮蛋瘦肉粥,Event,2-Oct-17,,177,160,169,169
华东,浙江,杭州,宁波DC,劲脆鸡腿堡,KFC,主食,套餐,Coupon,1-Jul-17,227,,,,
华东,浙江,杭州,宁波DC,劲脆鸡腿堡,KFC,主食,套餐,Coupon,2-Jul-17,225,,,,
华东,浙江,杭州,宁波DC,劲脆鸡腿堡,KFC,主食,套餐,Coupon,3-Jul-17,236,,,,
华东,浙江,杭州,宁波DC,劲脆鸡腿堡,KFC,主食,套餐,Coupon,4-Jul-17,155,,,,
华东,浙江,杭州,宁波DC,劲脆鸡腿堡,KFC,主食,套餐,Coupon,5-Jul-17,170,,,,
华东,浙江,杭州,宁波DC,劲脆鸡腿堡,KFC,主食,套餐,Coupon,6-Jul-17,232,,,,
华东,浙江,杭州,宁波DC,劲脆鸡腿堡,KFC,主食,套餐,Coupon,7-Jul-17,239,,,,
华东,浙江,杭州,宁波DC,劲脆鸡腿堡,KFC,主食,套餐,Coupon,8-Jul-17,177,,,,
华东,浙江,杭州,宁波DC,劲脆鸡腿堡,KFC,主食,套餐,Coupon,9-Jul-17,242,,,,
华东,浙江,杭州,宁波DC,劲脆鸡腿堡,KFC,主食,套餐,Coupon,10-Jul-17,,224,200,215,215
华东,浙江,杭州,宁波DC,劲脆鸡腿堡,KFC,主食,套餐,Coupon,11-Jul-17,,164,152,160,160
华东,浙江,杭州,宁波DC,劲脆鸡腿堡,KFC,主食,套餐,Coupon,12-Jul-17,,182,175,184,184
华东,浙江,杭州,宁波DC,劲脆鸡腿堡,KFC,主食,套餐,Coupon,13-Jul-17,,149,130,139,139
华东,浙江,杭州,宁波DC,劲脆鸡腿堡,KFC,主食,套餐,Coupon,14-Jul-17,,169,156,162,162
华东,浙江,杭州,宁波DC,劲脆鸡腿堡,KFC,主食,套餐,Coupon,15-Jul-17,,203,184,191,191
华东,浙江,杭州,宁波DC,劲脆鸡腿堡,KFC,主食,套餐,Coupon,16-Jul-17,,196,191,199,199
华东,浙江,杭州,宁波DC,劲脆鸡腿堡,KFC,主食,套餐,Coupon,17-Jul-17,,140,134,143,143
华东,浙江,杭州,宁波DC,劲脆鸡腿堡,KFC,主食,套餐,Coupon,18-Jul-17,,186,166,176,176
华东,浙江,杭州,宁波DC,劲脆鸡腿堡,KFC,主食,套餐,Coupon,19-Jul-17,,213,208,214,214
华东,浙江,杭州,宁波DC,劲脆鸡腿堡,KFC,主食,套餐,Coupon,20-Jul-17,,141,123,129,129
华东,浙江,杭州,宁波DC,劲脆鸡腿堡,KFC,主食,套餐,Coupon,21-Jul-17,,173,160,169,169
华东,浙江,杭州,宁波DC,劲脆鸡腿堡,KFC,主食,套餐,Coupon,22-Jul-17,,221,214,221,221
华东,浙江,杭州,宁波DC,劲脆鸡腿堡,KFC,主食,套餐,Coupon,23-Jul-17,,203,183,192,192
华东,浙江,杭州,宁波DC,劲脆鸡腿堡,KFC,主食,套餐,Coupon,24-Jul-17,,152,144,149,149
华东,浙江,杭州,宁波DC,劲脆鸡腿堡,KFC,主食,套餐,Coupon,25-Jul-17,,181,171,180,180
华东,浙江,杭州,宁波DC,劲脆鸡腿堡,KFC,主食,套餐,Coupon,26-Jul-17,,204,199,204,204
华东,浙江,杭州,宁波DC,劲脆鸡腿堡,KFC,主食,套餐,Coupon,27-Jul-17,,203,187,192,192
华东,浙江,杭州,宁波DC,劲脆鸡腿堡,KFC,主食,套餐,Coupon,28-Jul-17,,154,148,156,156
华东,浙江,杭州,宁波DC,劲脆鸡腿堡,KFC,主食,套餐,Coupon,29-Jul-17,,221,201,210,210
华东,浙江,杭州,宁波DC,劲脆鸡腿堡,KFC,主食,套餐,Coupon,30-Jul-17,,174,154,163,163
华东,浙江,杭州,宁波DC,劲脆鸡腿堡,KFC,主食,套餐,Coupon,31-Jul-17,,214,195,203,203
华东,浙江,杭州,宁波DC,劲脆鸡腿堡,KFC,主食,套餐,Coupon,1-Aug-17,,208,195,200,200
华东,浙江,杭州,宁波DC,劲脆鸡腿堡,KFC,主食,套餐,Coupon,2-Aug-17,,184,166,171,171
华东,浙江,杭州,宁波DC,劲脆鸡腿堡,KFC,主食,套餐,Coupon,3-Aug-17,,194,179,189,189
华东,浙江,杭州,宁波DC,劲脆鸡腿堡,KFC,主食,套餐,Coupon,4-Aug-17,,222,204,214,214
华东,浙江,杭州,宁波DC,劲脆鸡腿堡,KFC,主食,套餐,Coupon,5-Aug-17,,220,213,219,219
华东,浙江,杭州,宁波DC,劲脆鸡腿堡,KFC,主食,套餐,Coupon,6-Aug-17,,209,201,208,208
华东,浙江,杭州,宁波DC,劲脆鸡腿堡,KFC,主食,套餐,Coupon,7-Aug-17,,176,158,167,167
华东,浙江,杭州,宁波DC,劲脆鸡腿堡,KFC,主食,套餐,Coupon,8-Aug-17,,191,173,183,183
华东,浙江,杭州,宁波DC,劲脆鸡腿堡,KFC,主食,套餐,Coupon,9-Aug-17,,212,194,204,204
华东,浙江,杭州,宁波DC,劲脆鸡腿堡,KFC,主食,套餐,Coupon,10-Aug-17,,211,192,197,197
华东,浙江,杭州,宁波DC,劲脆鸡腿堡,KFC,主食,套餐,Coupon,11-Aug-17,,194,189,199,199
华东,浙江,杭州,宁波DC,劲脆鸡腿堡,KFC,主食,套餐,Coupon,12-Aug-17,,203,186,193,193
华东,浙江,杭州,宁波DC,劲脆鸡腿堡,KFC,主食,套餐,Coupon,13-Aug-17,,157,138,145,145
华东,浙江,杭州,宁波DC,劲脆鸡腿堡,KFC,主食,套餐,Coupon,14-Aug-17,,190,184,194,194
华东,浙江,杭州,宁波DC,劲脆鸡腿堡,KFC,主食,套餐,Coupon,15-Aug-17,,217,209,215,215
华东,浙江,杭州,宁波DC,劲脆鸡腿堡,KFC,主食,套餐,Coupon,16-Aug-17,,144,139,144,144
华东,浙江,杭州,宁波DC,劲脆鸡腿堡,KFC,主食,套餐,Coupon,17-Aug-17,,150,130,138,138
华东,浙江,杭州,宁波DC,劲脆鸡腿堡,KFC,主食,套餐,Coupon,18-Aug-17,,203,194,201,201
华东,浙江,杭州,宁波DC,劲脆鸡腿堡,KFC,主食,套餐,Coupon,19-Aug-17,,135,120,130,130
华东,浙江,杭州,宁波DC,劲脆鸡腿堡,KFC,主食,套餐,Coupon,20-Aug-17,,148,140,150,150
华东,浙江,杭州,宁波DC,劲脆鸡腿堡,KFC,主食,套餐,Coupon,21-Aug-17,,225,219,225,225
华东,浙江,杭州,宁波DC,劲脆鸡腿堡,KFC,主食,套餐,Coupon,22-Aug-17,,158,150,159,159
华东,浙江,杭州,宁波DC,劲脆鸡腿堡,KFC,主食,套餐,Coupon,23-Aug-17,,193,180,186,186
华东,浙江,杭州,宁波DC,劲脆鸡腿堡,KFC,主食,套餐,Coupon,24-Aug-17,,174,160,166,166
华东,浙江,杭州,宁波DC,劲脆鸡腿堡,KFC,主食,套餐,Coupon,25-Aug-17,,153,143,152,152
华东,浙江,杭州,宁波DC,劲脆鸡腿堡,KFC,主食,套餐,Coupon,26-Aug-17,,193,173,178,178
华东,浙江,杭州,宁波DC,劲脆鸡腿堡,KFC,主食,套餐,Coupon,27-Aug-17,,190,180,189,189
华东,浙江,杭州,宁波DC,劲脆鸡腿堡,KFC,主食,套餐,Coupon,28-Aug-17,,171,160,169,169
华东,浙江,杭州,宁波DC,劲脆鸡腿堡,KFC,主食,套餐,Coupon,29-Aug-17,,149,136,141,141
华东,浙江,杭州,宁波DC,劲脆鸡腿堡,KFC,主食,套餐,Coupon,30-Aug-17,,172,163,171,171
华东,浙江,杭州,宁波DC,劲脆鸡腿堡,KFC,主食,套餐,Coupon,31-Aug-17,,200,185,194,194
华东,浙江,杭州,宁波DC,劲脆鸡腿堡,KFC,主食,套餐,Coupon,1-Sep-17,,142,135,141,141
华东,浙江,杭州,宁波DC,劲脆鸡腿堡,KFC,主食,套餐,Coupon,2-Sep-17,,178,172,177,177
华东,浙江,杭州,宁波DC,劲脆鸡腿堡,KFC,主食,套餐,Coupon,3-Sep-17,,153,145,153,153
华东,浙江,杭州,宁波DC,劲脆鸡腿堡,KFC,主食,套餐,Coupon,4-Sep-17,,184,179,184,184
华东,浙江,杭州,宁波DC,劲脆鸡腿堡,KFC,主食,套餐,Coupon,5-Sep-17,,219,207,214,214
华东,浙江,杭州,宁波DC,劲脆鸡腿堡,KFC,主食,套餐,Coupon,6-Sep-17,,169,159,165,165
华东,浙江,杭州,宁波DC,劲脆鸡腿堡,KFC,主食,套餐,Coupon,7-Sep-17,,136,121,127,127
华东,浙江,杭州,宁波DC,劲脆鸡腿堡,KFC,主食,套餐,Coupon,8-Sep-17,,185,171,178,178
华东,浙江,杭州,宁波DC,劲脆鸡腿堡,KFC,主食,套餐,Coupon,9-Sep-17,,172,159,166,166
华东,浙江,杭州,宁波DC,劲脆鸡腿堡,KFC,主食,套餐,Coupon,10-Sep-17,,175,155,163,163
华东,浙江,杭州,宁波DC,劲脆鸡腿堡,KFC,主食,套餐,Coupon,11-Sep-17,,193,182,188,188
华东,浙江,杭州,宁波DC,劲脆鸡腿堡,KFC,主食,套餐,Coupon,12-Sep-17,,203,196,205,205
华东,浙江,杭州,宁波DC,劲脆鸡腿堡,KFC,主食,套餐,Coupon,13-Sep-17,,213,201,210,210
华东,浙江,杭州,宁波DC,劲脆鸡腿堡,KFC,主食,套餐,Coupon,14-Sep-17,,147,137,146,146
华东,浙江,杭州,宁波DC,劲脆鸡腿堡,KFC,主食,套餐,Coupon,15-Sep-17,,198,182,189,189
华东,浙江,杭州,宁波DC,劲脆鸡腿堡,KFC,主食,套餐,Coupon,16-Sep-17,,212,192,199,199
华东,浙江,杭州,宁波DC,劲脆鸡腿堡,KFC,主食,套餐,Coupon,17-Sep-17,,159,146,153,153
华东,浙江,杭州,宁波DC,劲脆鸡腿堡,KFC,主食,套餐,Coupon,18-Sep-17,,175,165,172,172
华东,浙江,杭州,宁波DC,劲脆鸡腿堡,KFC,主食,套餐,Coupon,19-Sep-17,,191,181,191,191
华东,浙江,杭州,宁波DC,劲脆鸡腿堡,KFC,主食,套餐,Coupon,20-Sep-17,,156,139,146,146
华东,浙江,杭州,宁波DC,劲脆鸡腿堡,KFC,主食,套餐,Coupon,21-Sep-17,,225,218,223,223
华东,浙江,杭州,宁波DC,劲脆鸡腿堡,KFC,主食,套餐,Coupon,22-Sep-17,,184,165,173,173
华东,浙江,杭州,宁波DC,劲脆鸡腿堡,KFC,主食,套餐,Coupon,23-Sep-17,,170,153,163,163
华东,浙江,杭州,宁波DC,劲脆鸡腿堡,KFC,主食,套餐,Coupon,24-Sep-17,,199,188,196,196
华东,浙江,杭州,宁波DC,劲脆鸡腿堡,KFC,主食,套餐,Coupon,25-Sep-17,,151,135,141,141
华东,浙江,杭州,宁波DC,劲脆鸡腿堡,KFC,主食,套餐,Coupon,26-Sep-17,,140,134,141,141
华东,浙江,杭州,宁波DC,劲脆鸡腿堡,KFC,主食,套餐,Coupon,27-Sep-17,,166,155,163,163
华东,浙江,杭州,宁波DC,劲脆鸡腿堡,KFC,主食,套餐,Coupon,28-Sep-17,,186,179,188,188
华东,浙江,杭州,宁波DC,劲脆鸡腿堡,KFC,主食,套餐,Coupon,29-Sep-17,,192,181,186,186
华东,浙江,杭州,宁波DC,劲脆鸡腿堡,KFC,主食,套餐,Coupon,30-Sep-17,,150,131,139,139
华东,浙江,杭州,宁波DC,劲脆鸡腿堡,KFC,主食,套餐,Coupon,1-Oct-17,,176,157,165,165
华东,浙江,杭州,宁波DC,劲脆鸡腿堡,KFC,主食,套餐,Coupon,2-Oct-17,,177,160,169,169
华东,浙江,杭州,宁波DC,香辣鸡翅,KFC,小食,鸡肉类,Coupon,1-Jul-17,227,,,,
华东,浙江,杭州,宁波DC,香辣鸡翅,KFC,小食,鸡肉类,Coupon,2-Jul-17,225,,,,
华东,浙江,杭州,宁波DC,香辣鸡翅,KFC,小食,鸡肉类,Coupon,3-Jul-17,236,,,,
华东,浙江,杭州,宁波DC,香辣鸡翅,KFC,小食,鸡肉类,Coupon,4-Jul-17,155,,,,
华东,浙江,杭州,宁波DC,香辣鸡翅,KFC,小食,鸡肉类,Coupon,5-Jul-17,170,,,,
华东,浙江,杭州,宁波DC,香辣鸡翅,KFC,小食,鸡肉类,Coupon,6-Jul-17,232,,,,
华东,浙江,杭州,宁波DC,香辣鸡翅,KFC,小食,鸡肉类,Coupon,7-Jul-17,239,,,,
华东,浙江,杭州,宁波DC,香辣鸡翅,KFC,小食,鸡肉类,Coupon,8-Jul-17,177,,,,
华东,浙江,杭州,宁波DC,香辣鸡翅,KFC,小食,鸡肉类,Coupon,9-Jul-17,242,,,,
华东,浙江,杭州,宁波DC,香辣鸡翅,KFC,小食,鸡肉类,Coupon,10-Jul-17,,224,200,215,215
华东,浙江,杭州,宁波DC,香辣鸡翅,KFC,小食,鸡肉类,Coupon,11-Jul-17,,164,152,160,160
华东,浙江,杭州,宁波DC,香辣鸡翅,KFC,小食,鸡肉类,Coupon,12-Jul-17,,182,175,184,184
华东,浙江,杭州,宁波DC,香辣鸡翅,KFC,小食,鸡肉类,Coupon,13-Jul-17,,149,130,139,139
华东,浙江,杭州,宁波DC,香辣鸡翅,KFC,小食,鸡肉类,Coupon,14-Jul-17,,169,156,162,162
华东,浙江,杭州,宁波DC,香辣鸡翅,KFC,小食,鸡肉类,Coupon,15-Jul-17,,203,184,191,191
华东,浙江,杭州,宁波DC,香辣鸡翅,KFC,小食,鸡肉类,Coupon,16-Jul-17,,196,191,199,199
华东,浙江,杭州,宁波DC,香辣鸡翅,KFC,小食,鸡肉类,Coupon,17-Jul-17,,140,134,143,143
华东,浙江,杭州,宁波DC,香辣鸡翅,KFC,小食,鸡肉类,Coupon,18-Jul-17,,186,166,176,176
华东,浙江,杭州,宁波DC,香辣鸡翅,KFC,小食,鸡肉类,Coupon,19-Jul-17,,213,208,214,214
华东,浙江,杭州,宁波DC,香辣鸡翅,KFC,小食,鸡肉类,Coupon,20-Jul-17,,141,123,129,129
华东,浙江,杭州,宁波DC,香辣鸡翅,KFC,小食,鸡肉类,Coupon,21-Jul-17,,173,160,169,169
华东,浙江,杭州,宁波DC,香辣鸡翅,KFC,小食,鸡肉类,Coupon,22-Jul-17,,221,214,221,221
华东,浙江,杭州,宁波DC,香辣鸡翅,KFC,小食,鸡肉类,Coupon,23-Jul-17,,203,183,192,192
华东,浙江,杭州,宁波DC,香辣鸡翅,KFC,小食,鸡肉类,Coupon,24-Jul-17,,152,144,149,149
华东,浙江,杭州,宁波DC,香辣鸡翅,KFC,小食,鸡肉类,Coupon,25-Jul-17,,181,171,180,180
华东,浙江,杭州,宁波DC,香辣鸡翅,KFC,小食,鸡肉类,Coupon,26-Jul-17,,204,199,204,204
华东,浙江,杭州,宁波DC,香辣鸡翅,KFC,小食,鸡肉类,Coupon,27-Jul-17,,203,187,192,192
华东,浙江,杭州,宁波DC,香辣鸡翅,KFC,小食,鸡肉类,Coupon,28-Jul-17,,154,148,156,156
华东,浙江,杭州,宁波DC,香辣鸡翅,KFC,小食,鸡肉类,Coupon,29-Jul-17,,221,201,210,210
华东,浙江,杭州,宁波DC,香辣鸡翅,KFC,小食,鸡肉类,Coupon,30-Jul-17,,174,154,163,163
华东,浙江,杭州,宁波DC,香辣鸡翅,KFC,小食,鸡肉类,Coupon,31-Jul-17,,214,195,203,203
华东,浙江,杭州,宁波DC,香辣鸡翅,KFC,小食,鸡肉类,Coupon,1-Aug-17,,208,195,200,200
华东,浙江,杭州,宁波DC,香辣鸡翅,KFC,小食,鸡肉类,Coupon,2-Aug-17,,184,166,171,171
华东,浙江,杭州,宁波DC,香辣鸡翅,KFC,小食,鸡肉类,Coupon,3-Aug-17,,194,179,189,189
华东,浙江,杭州,宁波DC,香辣鸡翅,KFC,小食,鸡肉类,Coupon,4-Aug-17,,222,204,214,214
华东,浙江,杭州,宁波DC,香辣鸡翅,KFC,小食,鸡肉类,Coupon,5-Aug-17,,220,213,219,219
华东,浙江,杭州,宁波DC,香辣鸡翅,KFC,小食,鸡肉类,Coupon,6-Aug-17,,209,201,208,208
华东,浙江,杭州,宁波DC,香辣鸡翅,KFC,小食,鸡肉类,Coupon,7-Aug-17,,176,158,167,167
华东,浙江,杭州,宁波DC,香辣鸡翅,KFC,小食,鸡肉类,Coupon,8-Aug-17,,191,173,183,183
华东,浙江,杭州,宁波DC,香辣鸡翅,KFC,小食,鸡肉类,Coupon,9-Aug-17,,212,194,204,204
华东,浙江,杭州,宁波DC,香辣鸡翅,KFC,小食,鸡肉类,Coupon,10-Aug-17,,211,192,197,197
华东,浙江,杭州,宁波DC,香辣鸡翅,KFC,小食,鸡肉类,Coupon,11-Aug-17,,194,189,199,199
华东,浙江,杭州,宁波DC,香辣鸡翅,KFC,小食,鸡肉类,Coupon,12-Aug-17,,203,186,193,193
华东,浙江,杭州,宁波DC,香辣鸡翅,KFC,小食,鸡肉类,Coupon,13-Aug-17,,157,138,145,145
华东,浙江,杭州,宁波DC,香辣鸡翅,KFC,小食,鸡肉类,Coupon,14-Aug-17,,190,184,194,194
华东,浙江,杭州,宁波DC,香辣鸡翅,KFC,小食,鸡肉类,Coupon,15-Aug-17,,217,209,215,215
华东,浙江,杭州,宁波DC,香辣鸡翅,KFC,小食,鸡肉类,Coupon,16-Aug-17,,144,139,144,144
华东,浙江,杭州,宁波DC,香辣鸡翅,KFC,小食,鸡肉类,Coupon,17-Aug-17,,150,130,138,138
华东,浙江,杭州,宁波DC,香辣鸡翅,KFC,小食,鸡肉类,Coupon,18-Aug-17,,203,194,201,201
华东,浙江,杭州,宁波DC,香辣鸡翅,KFC,小食,鸡肉类,Coupon,19-Aug-17,,135,120,130,130
华东,浙江,杭州,宁波DC,香辣鸡翅,KFC,小食,鸡肉类,Coupon,20-Aug-17,,148,140,150,150
华东,浙江,杭州,宁波DC,香辣鸡翅,KFC,小食,鸡肉类,Coupon,21-Aug-17,,225,219,225,225
华东,浙江,杭州,宁波DC,香辣鸡翅,KFC,小食,鸡肉类,Coupon,22-Aug-17,,158,150,159,159
华东,浙江,杭州,宁波DC,香辣鸡翅,KFC,小食,鸡肉类,Coupon,23-Aug-17,,193,180,186,186
华东,浙江,杭州,宁波DC,香辣鸡翅,KFC,小食,鸡肉类,Coupon,24-Aug-17,,174,160,166,166
华东,浙江,杭州,宁波DC,香辣鸡翅,KFC,小食,鸡肉类,Coupon,25-Aug-17,,153,143,152,152
华东,浙江,杭州,宁波DC,香辣鸡翅,KFC,小食,鸡肉类,Coupon,26-Aug-17,,193,173,178,178
华东,浙江,杭州,宁波DC,香辣鸡翅,KFC,小食,鸡肉类,Coupon,27-Aug-17,,190,180,189,189
华东,浙江,杭州,宁波DC,香辣鸡翅,KFC,小食,鸡肉类,Coupon,28-Aug-17,,171,160,169,169
华东,浙江,杭州,宁波DC,香辣鸡翅,KFC,小食,鸡肉类,Coupon,29-Aug-17,,149,136,141,141
华东,浙江,杭州,宁波DC,香辣鸡翅,KFC,小食,鸡肉类,Coupon,30-Aug-17,,172,163,171,171
华东,浙江,杭州,宁波DC,香辣鸡翅,KFC,小食,鸡肉类,Coupon,31-Aug-17,,200,185,194,194
华东,浙江,杭州,宁波DC,香辣鸡翅,KFC,小食,鸡肉类,Coupon,1-Sep-17,,142,135,141,141
华东,浙江,杭州,宁波DC,香辣鸡翅,KFC,小食,鸡肉类,Coupon,2-Sep-17,,178,172,177,177
华东,浙江,杭州,宁波DC,香辣鸡翅,KFC,小食,鸡肉类,Coupon,3-Sep-17,,153,145,153,153
华东,浙江,杭州,宁波DC,香辣鸡翅,KFC,小食,鸡肉类,Coupon,4-Sep-17,,184,179,184,184
华东,浙江,杭州,宁波DC,香辣鸡翅,KFC,小食,鸡肉类,Coupon,5-Sep-17,,219,207,214,214
华东,浙江,杭州,宁波DC,香辣鸡翅,KFC,小食,鸡肉类,Coupon,6-Sep-17,,169,159,165,165
华东,浙江,杭州,宁波DC,香辣鸡翅,KFC,小食,鸡肉类,Coupon,7-Sep-17,,136,121,127,127
华东,浙江,杭州,宁波DC,香辣鸡翅,KFC,小食,鸡肉类,Coupon,8-Sep-17,,185,171,178,178
华东,浙江,杭州,宁波DC,香辣鸡翅,KFC,小食,鸡肉类,Coupon,9-Sep-17,,172,159,166,166
华东,浙江,杭州,宁波DC,香辣鸡翅,KFC,小食,鸡肉类,Coupon,10-Sep-17,,175,155,163,163
华东,浙江,杭州,宁波DC,香辣鸡翅,KFC,小食,鸡肉类,Coupon,11-Sep-17,,193,182,188,188
华东,浙江,杭州,宁波DC,香辣鸡翅,KFC,小食,鸡肉类,Coupon,12-Sep-17,,203,196,205,205
华东,浙江,杭州,宁波DC,香辣鸡翅,KFC,小食,鸡肉类,Coupon,13-Sep-17,,213,201,210,210
华东,浙江,杭州,宁波DC,香辣鸡翅,KFC,小食,鸡肉类,Coupon,14-Sep-17,,147,137,146,146
华东,浙江,杭州,宁波DC,香辣鸡翅,KFC,小食,鸡肉类,Coupon,15-Sep-17,,198,182,189,189
华东,浙江,杭州,宁波DC,香辣鸡翅,KFC,小食,鸡肉类,Coupon,16-Sep-17,,212,192,199,199
华东,浙江,杭州,宁波DC,香辣鸡翅,KFC,小食,鸡肉类,Coupon,17-Sep-17,,159,146,153,153
华东,浙江,杭州,宁波DC,香辣鸡翅,KFC,小食,鸡肉类,Coupon,18-Sep-17,,175,165,172,172
华东,浙江,杭州,宁波DC,香辣鸡翅,KFC,小食,鸡肉类,Coupon,19-Sep-17,,191,181,191,191
华东,浙江,杭州,宁波DC,香辣鸡翅,KFC,小食,鸡肉类,Coupon,20-Sep-17,,156,139,146,146
华东,浙江,杭州,宁波DC,香辣鸡翅,KFC,小食,鸡肉类,Coupon,21-Sep-17,,225,218,223,223
华东,浙江,杭州,宁波DC,香辣鸡翅,KFC,小食,鸡肉类,Coupon,22-Sep-17,,184,165,173,173
华东,浙江,杭州,宁波DC,香辣鸡翅,KFC,小食,鸡肉类,Coupon,23-Sep-17,,170,153,163,163
华东,浙江,杭州,宁波DC,香辣鸡翅,KFC,小食,鸡肉类,Coupon,24-Sep-17,,199,188,196,196
华东,浙江,杭州,宁波DC,香辣鸡翅,KFC,小食,鸡肉类,Coupon,25-Sep-17,,151,135,141,141
华东,浙江,杭州,宁波DC,香辣鸡翅,KFC,小食,鸡肉类,Coupon,26-Sep-17,,140,134,141,141
华东,浙江,杭州,宁波DC,香辣鸡翅,KFC,小食,鸡肉类,Coupon,27-Sep-17,,166,155,163,163
华东,浙江,杭州,宁波DC,香辣鸡翅,KFC,小食,鸡肉类,Coupon,28-Sep-17,,186,179,188,188
华东,浙江,杭州,宁波DC,香辣鸡翅,KFC,小食,鸡肉类,Coupon,29-Sep-17,,192,181,186,186
华东,浙江,杭州,宁波DC,香辣鸡翅,KFC,小食,鸡肉类,Coupon,30-Sep-17,,150,131,139,139
华东,浙江,杭州,宁波DC,香辣鸡翅,KFC,小食,鸡肉类,Coupon,1-Oct-17,,176,157,165,165
华东,浙江,杭州,宁波DC,香辣鸡翅,KFC,小食,鸡肉类,Coupon,2-Oct-17,,177,160,169,169
华东,浙江,杭州,宁波DC,薯条,KFC,配餐,油炸类,Coupon,1-Jul-17,227,,,,
华东,浙江,杭州,宁波DC,薯条,KFC,配餐,油炸类,Coupon,2-Jul-17,225,,,,
华东,浙江,杭州,宁波DC,薯条,KFC,配餐,油炸类,Coupon,3-Jul-17,236,,,,
华东,浙江,杭州,宁波DC,薯条,KFC,配餐,油炸类,Coupon,4-Jul-17,155,,,,
华东,浙江,杭州,宁波DC,薯条,KFC,配餐,油炸类,Coupon,5-Jul-17,170,,,,
华东,浙江,杭州,宁波DC,薯条,KFC,配餐,油炸类,Coupon,6-Jul-17,232,,,,
华东,浙江,杭州,宁波DC,薯条,KFC,配餐,油炸类,Coupon,7-Jul-17,239,,,,
华东,浙江,杭州,宁波DC,薯条,KFC,配餐,油炸类,Coupon,8-Jul-17,177,,,,
华东,浙江,杭州,宁波DC,薯条,KFC,配餐,油炸类,Coupon,9-Jul-17,242,,,,
华东,浙江,杭州,宁波DC,薯条,KFC,配餐,油炸类,Coupon,10-Jul-17,,224,200,215,215
华东,浙江,杭州,宁波DC,薯条,KFC,配餐,油炸类,Coupon,11-Jul-17,,164,152,160,160
华东,浙江,杭州,宁波DC,薯条,KFC,配餐,油炸类,Coupon,12-Jul-17,,182,175,184,184
华东,浙江,杭州,宁波DC,薯条,KFC,配餐,油炸类,Coupon,13-Jul-17,,149,130,139,139
华东,浙江,杭州,宁波DC,薯条,KFC,配餐,油炸类,Coupon,14-Jul-17,,169,156,162,162
华东,浙江,杭州,宁波DC,薯条,KFC,配餐,油炸类,Coupon,15-Jul-17,,203,184,191,191
华东,浙江,杭州,宁波DC,薯条,KFC,配餐,油炸类,Coupon,16-Jul-17,,196,191,199,199
华东,浙江,杭州,宁波DC,薯条,KFC,配餐,油炸类,Coupon,17-Jul-17,,140,134,143,143
华东,浙江,杭州,宁波DC,薯条,KFC,配餐,油炸类,Coupon,18-Jul-17,,186,166,176,176
华东,浙江,杭州,宁波DC,薯条,KFC,配餐,油炸类,Coupon,19-Jul-17,,213,208,214,214
华东,浙江,杭州,宁波DC,薯条,KFC,配餐,油炸类,Coupon,20-Jul-17,,141,123,129,129
华东,浙江,杭州,宁波DC,薯条,KFC,配餐,油炸类,Coupon,21-Jul-17,,173,160,169,169
华东,浙江,杭州,宁波DC,薯条,KFC,配餐,油炸类,Coupon,22-Jul-17,,221,214,221,221
华东,浙江,杭州,宁波DC,薯条,KFC,配餐,油炸类,Coupon,23-Jul-17,,203,183,192,192
华东,浙江,杭州,宁波DC,薯条,KFC,配餐,油炸类,Coupon,24-Jul-17,,152,144,149,149
华东,浙江,杭州,宁波DC,薯条,KFC,配餐,油炸类,Coupon,25-Jul-17,,181,171,180,180
华东,浙江,杭州,宁波DC,薯条,KFC,配餐,油炸类,Coupon,26-Jul-17,,204,199,204,204
华东,浙江,杭州,宁波DC,薯条,KFC,配餐,油炸类,Coupon,27-Jul-17,,203,187,192,192
华东,浙江,杭州,宁波DC,薯条,KFC,配餐,油炸类,Coupon,28-Jul-17,,154,148,156,156
华东,浙江,杭州,宁波DC,薯条,KFC,配餐,油炸类,Coupon,29-Jul-17,,221,201,210,210
华东,浙江,杭州,宁波DC,薯条,KFC,配餐,油炸类,Coupon,30-Jul-17,,174,154,163,163
华东,浙江,杭州,宁波DC,薯条,KFC,配餐,油炸类,Coupon,31-Jul-17,,214,195,203,203
华东,浙江,杭州,宁波DC,薯条,KFC,配餐,油炸类,Coupon,1-Aug-17,,208,195,200,200
华东,浙江,杭州,宁波DC,薯条,KFC,配餐,油炸类,Coupon,2-Aug-17,,184,166,171,171
华东,浙江,杭州,宁波DC,薯条,KFC,配餐,油炸类,Coupon,3-Aug-17,,194,179,189,189
华东,浙江,杭州,宁波DC,薯条,KFC,配餐,油炸类,Coupon,4-Aug-17,,222,204,214,214
华东,浙江,杭州,宁波DC,薯条,KFC,配餐,油炸类,Coupon,5-Aug-17,,220,213,219,219
华东,浙江,杭州,宁波DC,薯条,KFC,配餐,油炸类,Coupon,6-Aug-17,,209,201,208,208
华东,浙江,杭州,宁波DC,薯条,KFC,配餐,油炸类,Coupon,7-Aug-17,,176,158,167,167
华东,浙江,杭州,宁波DC,薯条,KFC,配餐,油炸类,Coupon,8-Aug-17,,191,173,183,183
华东,浙江,杭州,宁波DC,薯条,KFC,配餐,油炸类,Coupon,9-Aug-17,,212,194,204,204
华东,浙江,杭州,宁波DC,薯条,KFC,配餐,油炸类,Coupon,10-Aug-17,,211,192,197,197
华东,浙江,杭州,宁波DC,薯条,KFC,配餐,油炸类,Coupon,11-Aug-17,,194,189,199,199
华东,浙江,杭州,宁波DC,薯条,KFC,配餐,油炸类,Coupon,12-Aug-17,,203,186,193,193
华东,浙江,杭州,宁波DC,薯条,KFC,配餐,油炸类,Coupon,13-Aug-17,,157,138,145,145
华东,浙江,杭州,宁波DC,薯条,KFC,配餐,油炸类,Coupon,14-Aug-17,,190,184,194,194
华东,浙江,杭州,宁波DC,薯条,KFC,配餐,油炸类,Coupon,15-Aug-17,,217,209,215,215
华东,浙江,杭州,宁波DC,薯条,KFC,配餐,油炸类,Coupon,16-Aug-17,,144,139,144,144
华东,浙江,杭州,宁波DC,薯条,KFC,配餐,油炸类,Coupon,17-Aug-17,,150,130,138,138
华东,浙江,杭州,宁波DC,薯条,KFC,配餐,油炸类,Coupon,18-Aug-17,,203,194,201,201
华东,浙江,杭州,宁波DC,薯条,KFC,配餐,油炸类,Coupon,19-Aug-17,,135,120,130,130
华东,浙江,杭州,宁波DC,薯条,KFC,配餐,油炸类,Coupon,20-Aug-17,,148,140,150,150
华东,浙江,杭州,宁波DC,薯条,KFC,配餐,油炸类,Coupon,21-Aug-17,,225,219,225,225
华东,浙江,杭州,宁波DC,薯条,KFC,配餐,油炸类,Coupon,22-Aug-17,,158,150,159,159
华东,浙江,杭州,宁波DC,薯条,KFC,配餐,油炸类,Coupon,23-Aug-17,,193,180,186,186
华东,浙江,杭州,宁波DC,薯条,KFC,配餐,油炸类,Coupon,24-Aug-17,,174,160,166,166
华东,浙江,杭州,宁波DC,薯条,KFC,配餐,油炸类,Coupon,25-Aug-17,,153,143,152,152
华东,浙江,杭州,宁波DC,薯条,KFC,配餐,油炸类,Coupon,26-Aug-17,,193,173,178,178
华东,浙江,杭州,宁波DC,薯条,KFC,配餐,油炸类,Coupon,27-Aug-17,,190,180,189,189
华东,浙江,杭州,宁波DC,薯条,KFC,配餐,油炸类,Coupon,28-Aug-17,,171,160,169,169
华东,浙江,杭州,宁波DC,薯条,KFC,配餐,油炸类,Coupon,29-Aug-17,,149,136,141,141
华东,浙江,杭州,宁波DC,薯条,KFC,配餐,油炸类,Coupon,30-Aug-17,,172,163,171,171
华东,浙江,杭州,宁波DC,薯条,KFC,配餐,油炸类,Coupon,31-Aug-17,,200,185,194,194
华东,浙江,杭州,宁波DC,薯条,KFC,配餐,油炸类,Coupon,1-Sep-17,,142,135,141,141
华东,浙江,杭州,宁波DC,薯条,KFC,配餐,油炸类,Coupon,2-Sep-17,,178,172,177,177
华东,浙江,杭州,宁波DC,薯条,KFC,配餐,油炸类,Coupon,3-Sep-17,,153,145,153,153
华东,浙江,杭州,宁波DC,薯条,KFC,配餐,油炸类,Coupon,4-Sep-17,,184,179,184,184
华东,浙江,杭州,宁波DC,薯条,KFC,配餐,油炸类,Coupon,5-Sep-17,,219,207,214,214
华东,浙江,杭州,宁波DC,薯条,KFC,配餐,油炸类,Coupon,6-Sep-17,,169,159,165,165
华东,浙江,杭州,宁波DC,薯条,KFC,配餐,油炸类,Coupon,7-Sep-17,,136,121,127,127
华东,浙江,杭州,宁波DC,薯条,KFC,配餐,油炸类,Coupon,8-Sep-17,,185,171,178,178
华东,浙江,杭州,宁波DC,薯条,KFC,配餐,油炸类,Coupon,9-Sep-17,,172,159,166,166
华东,浙江,杭州,宁波DC,薯条,KFC,配餐,油炸类,Coupon,10-Sep-17,,175,155,163,163
华东,浙江,杭州,宁波DC,薯条,KFC,配餐,油炸类,Coupon,11-Sep-17,,193,182,188,188
华东,浙江,杭州,宁波DC,薯条,KFC,配餐,油炸类,Coupon,12-Sep-17,,203,196,205,205
华东,浙江,杭州,宁波DC,薯条,KFC,配餐,油炸类,Coupon,13-Sep-17,,213,201,210,210
华东,浙江,杭州,宁波DC,薯条,KFC,配餐,油炸类,Coupon,14-Sep-17,,147,137,146,146
华东,浙江,杭州,宁波DC,薯条,KFC,配餐,油炸类,Coupon,15-Sep-17,,198,182,189,189
华东,浙江,杭州,宁波DC,薯条,KFC,配餐,油炸类,Coupon,16-Sep-17,,212,192,199,199
华东,浙江,杭州,宁波DC,薯条,KFC,配餐,油炸类,Coupon,17-Sep-17,,159,146,153,153
华东,浙江,杭州,宁波DC,薯条,KFC,配餐,油炸类,Coupon,18-Sep-17,,175,165,172,172
华东,浙江,杭州,宁波DC,薯条,KFC,配餐,油炸类,Coupon,19-Sep-17,,191,181,191,191
华东,浙江,杭州,宁波DC,薯条,KFC,配餐,油炸类,Coupon,20-Sep-17,,156,139,146,146
华东,浙江,杭州,宁波DC,薯条,KFC,配餐,油炸类,Coupon,21-Sep-17,,225,218,223,223
华东,浙江,杭州,宁波DC,薯条,KFC,配餐,油炸类,Coupon,22-Sep-17,,184,165,173,173
华东,浙江,杭州,宁波DC,薯条,KFC,配餐,油炸类,Coupon,23-Sep-17,,170,153,163,163
华东,浙江,杭州,宁波DC,薯条,KFC,配餐,油炸类,Coupon,24-Sep-17,,199,188,196,196
华东,浙江,杭州,宁波DC,薯条,KFC,配餐,油炸类,Coupon,25-Sep-17,,151,135,141,141
华东,浙江,杭州,宁波DC,薯条,KFC,配餐,油炸类,Coupon,26-Sep-17,,140,134,141,141
华东,浙江,杭州,宁波DC,薯条,KFC,配餐,油炸类,Coupon,27-Sep-17,,166,155,163,163
华东,浙江,杭州,宁波DC,薯条,KFC,配餐,油炸类,Coupon,28-Sep-17,,186,179,188,188
华东,浙江,杭州,宁波DC,薯条,KFC,配餐,油炸类,Coupon,29-Sep-17,,192,181,186,186
华东,浙江,杭州,宁波DC,薯条,KFC,配餐,油炸类,Coupon,30-Sep-17,,150,131,139,139
华东,浙江,杭州,宁波DC,薯条,KFC,配餐,油炸类,Coupon,1-Oct-17,,176,157,165,165
华东,浙江,杭州,宁波DC,薯条,KFC,配餐,油炸类,Coupon,2-Oct-17,,177,160,169,169
华东,浙江,杭州,宁波DC,薯条,KFC,早餐,皮蛋瘦肉粥,Coupon,1-Jul-17,227,,,,
华东,浙江,杭州,宁波DC,薯条,KFC,早餐,皮蛋瘦肉粥,Coupon,2-Jul-17,225,,,,
华东,浙江,杭州,宁波DC,薯条,KFC,早餐,皮蛋瘦肉粥,Coupon,3-Jul-17,236,,,,
华东,浙江,杭州,宁波DC,薯条,KFC,早餐,皮蛋瘦肉粥,Coupon,4-Jul-17,155,,,,
华东,浙江,杭州,宁波DC,薯条,KFC,早餐,皮蛋瘦肉粥,Coupon,5-Jul-17,170,,,,
华东,浙江,杭州,宁波DC,薯条,KFC,早餐,皮蛋瘦肉粥,Coupon,6-Jul-17,232,,,,
华东,浙江,杭州,宁波DC,薯条,KFC,早餐,皮蛋瘦肉粥,Coupon,7-Jul-17,239,,,,
华东,浙江,杭州,宁波DC,薯条,KFC,早餐,皮蛋瘦肉粥,Coupon,8-Jul-17,177,,,,
华东,浙江,杭州,宁波DC,薯条,KFC,早餐,皮蛋瘦肉粥,Coupon,9-Jul-17,242,,,,
华东,浙江,杭州,宁波DC,薯条,KFC,早餐,皮蛋瘦肉粥,Coupon,10-Jul-17,,224,200,215,215
华东,浙江,杭州,宁波DC,薯条,KFC,早餐,皮蛋瘦肉粥,Coupon,11-Jul-17,,164,152,160,160
华东,浙江,杭州,宁波DC,薯条,KFC,早餐,皮蛋瘦肉粥,Coupon,12-Jul-17,,182,175,184,184
华东,浙江,杭州,宁波DC,薯条,KFC,早餐,皮蛋瘦肉粥,Coupon,13-Jul-17,,149,130,139,139
华东,浙江,杭州,宁波DC,薯条,KFC,早餐,皮蛋瘦肉粥,Coupon,14-Jul-17,,169,156,162,162
华东,浙江,杭州,宁波DC,薯条,KFC,早餐,皮蛋瘦肉粥,Coupon,15-Jul-17,,203,184,191,191
华东,浙江,杭州,宁波DC,薯条,KFC,早餐,皮蛋瘦肉粥,Coupon,16-Jul-17,,196,191,199,199
华东,浙江,杭州,宁波DC,薯条,KFC,早餐,皮蛋瘦肉粥,Coupon,17-Jul-17,,140,134,143,143
华东,浙江,杭州,宁波DC,薯条,KFC,早餐,皮蛋瘦肉粥,Coupon,18-Jul-17,,186,166,176,176
华东,浙江,杭州,宁波DC,薯条,KFC,早餐,皮蛋瘦肉粥,Coupon,19-Jul-17,,213,208,214,214
华东,浙江,杭州,宁波DC,薯条,KFC,早餐,皮蛋瘦肉粥,Coupon,20-Jul-17,,141,123,129,129
华东,浙江,杭州,宁波DC,薯条,KFC,早餐,皮蛋瘦肉粥,Coupon,21-Jul-17,,173,160,169,169
华东,浙江,杭州,宁波DC,薯条,KFC,早餐,皮蛋瘦肉粥,Coupon,22-Jul-17,,221,214,221,221
华东,浙江,杭州,宁波DC,薯条,KFC,早餐,皮蛋瘦肉粥,Coupon,23-Jul-17,,203,183,192,192
华东,浙江,杭州,宁波DC,薯条,KFC,早餐,皮蛋瘦肉粥,Coupon,24-Jul-17,,152,144,149,149
华东,浙江,杭州,宁波DC,薯条,KFC,早餐,皮蛋瘦肉粥,Coupon,25-Jul-17,,181,171,180,180
华东,浙江,杭州,宁波DC,薯条,KFC,早餐,皮蛋瘦肉粥,Coupon,26-Jul-17,,204,199,204,204
华东,浙江,杭州,宁波DC,薯条,KFC,早餐,皮蛋瘦肉粥,Coupon,27-Jul-17,,203,187,192,192
华东,浙江,杭州,宁波DC,薯条,KFC,早餐,皮蛋瘦肉粥,Coupon,28-Jul-17,,154,148,156,156
华东,浙江,杭州,宁波DC,薯条,KFC,早餐,皮蛋瘦肉粥,Coupon,29-Jul-17,,221,201,210,210
华东,浙江,杭州,宁波DC,薯条,KFC,早餐,皮蛋瘦肉粥,Coupon,30-Jul-17,,174,154,163,163
华东,浙江,杭州,宁波DC,薯条,KFC,早餐,皮蛋瘦肉粥,Coupon,31-Jul-17,,214,195,203,203
华东,浙江,杭州,宁波DC,薯条,KFC,早餐,皮蛋瘦肉粥,Coupon,1-Aug-17,,208,195,200,200
华东,浙江,杭州,宁波DC,薯条,KFC,早餐,皮蛋瘦肉粥,Coupon,2-Aug-17,,184,166,171,171
华东,浙江,杭州,宁波DC,薯条,KFC,早餐,皮蛋瘦肉粥,Coupon,3-Aug-17,,194,179,189,189
华东,浙江,杭州,宁波DC,薯条,KFC,早餐,皮蛋瘦肉粥,Coupon,4-Aug-17,,222,204,214,214
华东,浙江,杭州,宁波DC,薯条,KFC,早餐,皮蛋瘦肉粥,Coupon,5-Aug-17,,220,213,219,219
华东,浙江,杭州,宁波DC,薯条,KFC,早餐,皮蛋瘦肉粥,Coupon,6-Aug-17,,209,201,208,208
华东,浙江,杭州,宁波DC,薯条,KFC,早餐,皮蛋瘦肉粥,Coupon,7-Aug-17,,176,158,167,167
华东,浙江,杭州,宁波DC,薯条,KFC,早餐,皮蛋瘦肉粥,Coupon,8-Aug-17,,191,173,183,183
华东,浙江,杭州,宁波DC,薯条,KFC,早餐,皮蛋瘦肉粥,Coupon,9-Aug-17,,212,194,204,204
华东,浙江,杭州,宁波DC,薯条,KFC,早餐,皮蛋瘦肉粥,Coupon,10-Aug-17,,211,192,197,197
华东,浙江,杭州,宁波DC,薯条,KFC,早餐,皮蛋瘦肉粥,Coupon,11-Aug-17,,194,189,199,199
华东,浙江,杭州,宁波DC,薯条,KFC,早餐,皮蛋瘦肉粥,Coupon,12-Aug-17,,203,186,193,193
华东,浙江,杭州,宁波DC,薯条,KFC,早餐,皮蛋瘦肉粥,Coupon,13-Aug-17,,157,138,145,145
华东,浙江,杭州,宁波DC,薯条,KFC,早餐,皮蛋瘦肉粥,Coupon,14-Aug-17,,190,184,194,194
华东,浙江,杭州,宁波DC,薯条,KFC,早餐,皮蛋瘦肉粥,Coupon,15-Aug-17,,217,209,215,215
华东,浙江,杭州,宁波DC,薯条,KFC,早餐,皮蛋瘦肉粥,Coupon,16-Aug-17,,144,139,144,144
华东,浙江,杭州,宁波DC,薯条,KFC,早餐,皮蛋瘦肉粥,Coupon,17-Aug-17,,150,130,138,138
华东,浙江,杭州,宁波DC,薯条,KFC,早餐,皮蛋瘦肉粥,Coupon,18-Aug-17,,203,194,201,201
华东,浙江,杭州,宁波DC,薯条,KFC,早餐,皮蛋瘦肉粥,Coupon,19-Aug-17,,135,120,130,130
华东,浙江,杭州,宁波DC,薯条,KFC,早餐,皮蛋瘦肉粥,Coupon,20-Aug-17,,148,140,150,150
华东,浙江,杭州,宁波DC,薯条,KFC,早餐,皮蛋瘦肉粥,Coupon,21-Aug-17,,225,219,225,225
华东,浙江,杭州,宁波DC,薯条,KFC,早餐,皮蛋瘦肉粥,Coupon,22-Aug-17,,158,150,159,159
华东,浙江,杭州,宁波DC,薯条,KFC,早餐,皮蛋瘦肉粥,Coupon,23-Aug-17,,193,180,186,186
华东,浙江,杭州,宁波DC,薯条,KFC,早餐,皮蛋瘦肉粥,Coupon,24-Aug-17,,174,160,166,166
华东,浙江,杭州,宁波DC,薯条,KFC,早餐,皮蛋瘦肉粥,Coupon,25-Aug-17,,153,143,152,152
华东,浙江,杭州,宁波DC,薯条,KFC,早餐,皮蛋瘦肉粥,Coupon,26-Aug-17,,193,173,178,178
华东,浙江,杭州,宁波DC,薯条,KFC,早餐,皮蛋瘦肉粥,Coupon,27-Aug-17,,190,180,189,189
华东,浙江,杭州,宁波DC,薯条,KFC,早餐,皮蛋瘦肉粥,Coupon,28-Aug-17,,171,160,169,169
华东,浙江,杭州,宁波DC,薯条,KFC,早餐,皮蛋瘦肉粥,Coupon,29-Aug-17,,149,136,141,141
华东,浙江,杭州,宁波DC,薯条,KFC,早餐,皮蛋瘦肉粥,Coupon,30-Aug-17,,172,163,171,171
华东,浙江,杭州,宁波DC,薯条,KFC,早餐,皮蛋瘦肉粥,Coupon,31-Aug-17,,200,185,194,194
华东,浙江,杭州,宁波DC,薯条,KFC,早餐,皮蛋瘦肉粥,Coupon,1-Sep-17,,142,135,141,141
华东,浙江,杭州,宁波DC,薯条,KFC,早餐,皮蛋瘦肉粥,Coupon,2-Sep-17,,178,172,177,177
华东,浙江,杭州,宁波DC,薯条,KFC,早餐,皮蛋瘦肉粥,Coupon,3-Sep-17,,153,145,153,153
华东,浙江,杭州,宁波DC,薯条,KFC,早餐,皮蛋瘦肉粥,Coupon,4-Sep-17,,184,179,184,184
华东,浙江,杭州,宁波DC,薯条,KFC,早餐,皮蛋瘦肉粥,Coupon,5-Sep-17,,219,207,214,214
华东,浙江,杭州,宁波DC,薯条,KFC,早餐,皮蛋瘦肉粥,Coupon,6-Sep-17,,169,159,165,165
华东,浙江,杭州,宁波DC,薯条,KFC,早餐,皮蛋瘦肉粥,Coupon,7-Sep-17,,136,121,127,127
华东,浙江,杭州,宁波DC,薯条,KFC,早餐,皮蛋瘦肉粥,Coupon,8-Sep-17,,185,171,178,178
华东,浙江,杭州,宁波DC,薯条,KFC,早餐,皮蛋瘦肉粥,Coupon,9-Sep-17,,172,159,166,166
华东,浙江,杭州,宁波DC,薯条,KFC,早餐,皮蛋瘦肉粥,Coupon,10-Sep-17,,175,155,163,163
华东,浙江,杭州,宁波DC,薯条,KFC,早餐,皮蛋瘦肉粥,Coupon,11-Sep-17,,193,182,188,188
华东,浙江,杭州,宁波DC,薯条,KFC,早餐,皮蛋瘦肉粥,Coupon,12-Sep-17,,203,196,205,205
华东,浙江,杭州,宁波DC,薯条,KFC,早餐,皮蛋瘦肉粥,Coupon,13-Sep-17,,213,201,210,210
华东,浙江,杭州,宁波DC,薯条,KFC,早餐,皮蛋瘦肉粥,Coupon,14-Sep-17,,147,137,146,146
华东,浙江,杭州,宁波DC,薯条,KFC,早餐,皮蛋瘦肉粥,Coupon,15-Sep-17,,198,182,189,189
华东,浙江,杭州,宁波DC,薯条,KFC,早餐,皮蛋瘦肉粥,Coupon,16-Sep-17,,212,192,199,199
华东,浙江,杭州,宁波DC,薯条,KFC,早餐,皮蛋瘦肉粥,Coupon,17-Sep-17,,159,146,153,153
华东,浙江,杭州,宁波DC,薯条,KFC,早餐,皮蛋瘦肉粥,Coupon,18-Sep-17,,175,165,172,172
华东,浙江,杭州,宁波DC,薯条,KFC,早餐,皮蛋瘦肉粥,Coupon,19-Sep-17,,191,181,191,191
华东,浙江,杭州,宁波DC,薯条,KFC,早餐,皮蛋瘦肉粥,Coupon,20-Sep-17,,156,139,146,146
华东,浙江,杭州,宁波DC,薯条,KFC,早餐,皮蛋瘦肉粥,Coupon,21-Sep-17,,225,218,223,223
华东,浙江,杭州,宁波DC,薯条,KFC,早餐,皮蛋瘦肉粥,Coupon,22-Sep-17,,184,165,173,173
华东,浙江,杭州,宁波DC,薯条,KFC,早餐,皮蛋瘦肉粥,Coupon,23-Sep-17,,170,153,163,163
华东,浙江,杭州,宁波DC,薯条,KFC,早餐,皮蛋瘦肉粥,Coupon,24-Sep-17,,199,188,196,196
华东,浙江,杭州,宁波DC,薯条,KFC,早餐,皮蛋瘦肉粥,Coupon,25-Sep-17,,151,135,141,141
华东,浙江,杭州,宁波DC,薯条,KFC,早餐,皮蛋瘦肉粥,Coupon,26-Sep-17,,140,134,141,141
华东,浙江,杭州,宁波DC,薯条,KFC,早餐,皮蛋瘦肉粥,Coupon,27-Sep-17,,166,155,163,163
华东,浙江,杭州,宁波DC,薯条,KFC,早餐,皮蛋瘦肉粥,Coupon,28-Sep-17,,186,179,188,188
华东,浙江,杭州,宁波DC,薯条,KFC,早餐,皮蛋瘦肉粥,Coupon,29-Sep-17,,192,181,186,186
华东,浙江,杭州,宁波DC,薯条,KFC,早餐,皮蛋瘦肉粥,Coupon,30-Sep-17,,150,131,139,139
华东,浙江,杭州,宁波DC,薯条,KFC,早餐,皮蛋瘦肉粥,Coupon,1-Oct-17,,176,157,165,165
华东,浙江,杭州,宁波DC,薯条,KFC,早餐,皮蛋瘦肉粥,Coupon,2-Oct-17,,177,160,169,169
